{"accuracy": [0.32801181077957153, 0.5870314240455627, 0.7225543260574341, 0.7783951163291931, 0.8142626285552979, 0.8445038199424744, 0.8584991693496704, 0.8799493908882141, 0.891131579875946, 0.8971798419952393, 0.9037203788757324, 0.9169421195983887, 0.9218651056289673, 0.9669456481933594, 0.971798300743103, 0.9706026911735535, 0.9729939103126526, 0.9738377928733826, 0.9773542284965515, 0.9705323576927185, 0.9726422429084778, 0.9909276366233826, 0.996624231338501, 0.9978198409080505, 0.9935297966003418, 0.9926155209541321, 0.9938814043998718, 0.9940220713615417, 0.992685854434967, 0.9915605783462524, 0.9947956800460815, 0.9952176809310913, 0.9982417821884155, 0.9983121156692505, 0.9993670582771301, 0.9994373917579651, 0.9979604482650757], "loss": [2.0506088733673096, 1.1414438486099243, 0.7594724297523499, 0.6003966331481934, 0.515047550201416, 0.4247800409793854, 0.39528214931488037, 0.3428797423839569, 0.31058579683303833, 0.2952768802642822, 0.2831030786037445, 0.25452813506126404, 0.2284104824066162, 0.09584499895572662, 0.08316845446825027, 0.08604001998901367, 0.07862794399261475, 0.07985207438468933, 0.0692850649356842, 0.08849815279245377, 0.08615169674158096, 0.02796054258942604, 0.013277106918394566, 0.0096016526222229, 0.02381994016468525, 0.024832187220454216, 0.021371180191636086, 0.019170833751559258, 0.02345842868089676, 0.02987855114042759, 0.016313273459672928, 0.017156042158603668, 0.005731850862503052, 0.006506531033664942, 0.002664671279489994, 0.002244778210297227, 0.008857454173266888], "val_accuracy": [0.27570053935050964, 0.3692179024219513, 0.6920117139816284, 0.6835633516311646, 0.7380175590515137, 0.7269761562347412, 0.6078628301620483, 0.8267670273780823, 0.7560016512870789, 0.7909660935401917, 0.7673776745796204, 0.8157256245613098, 0.8038477897644043, 0.9035549759864807, 0.8870765566825867, 0.923044741153717, 0.9202843904495239, 0.8814721703529358, 0.9240485429763794, 0.9178586602210999, 0.9104140400886536, 0.9405269622802734, 0.9449602961540222, 0.928230881690979, 0.9317440390586853, 0.9383521676063538, 0.9490589499473572, 0.9286491274833679, 0.9344207644462585, 0.9427854418754578, 0.9383521676063538, 0.9457131028175354, 0.9490589499473572, 0.9531576633453369, 0.9580091834068298, 0.9567545056343079, 0.949895441532135], "val_loss": [3.423150062561035, 2.279088258743286, 0.8861778974533081, 0.9923330545425415, 0.7372367978096008, 0.8792228102684021, 1.60912024974823, 0.5017545223236084, 0.8349382877349854, 0.5886792540550232, 0.7273757457733154, 0.5794392824172974, 0.6072649359703064, 0.2803526818752289, 0.35674551129341125, 0.25381946563720703, 0.26190173625946045, 0.43094098567962646, 0.2751842141151428, 0.29712432622909546, 0.30132701992988586, 0.226588174700737, 0.21924880146980286, 0.3004389703273773, 0.2744465470314026, 0.25924989581108093, 0.19239120185375214, 0.3089333772659302, 0.26464593410491943, 0.233930766582489, 0.23821324110031128, 0.2296244204044342, 0.22153142094612122, 0.20251639187335968, 0.1917722225189209, 0.1955367773771286, 0.2388344556093216], "learning_rate": [0.0010000000474974513, 0.0010000000474974513, 0.0010000000474974513, 0.0010000000474974513, 0.0010000000474974513, 0.0010000000474974513, 0.0010000000474974513, 0.0010000000474974513, 0.0010000000474974513, 0.0010000000474974513, 0.0010000000474974513, 0.0010000000474974513, 0.0010000000474974513, 0.0005000000237487257, 0.0005000000237487257, 0.0005000000237487257, 0.0005000000237487257, 0.0005000000237487257, 0.0005000000237487257, 0.0005000000237487257, 0.0005000000237487257, 0.0002500000118743628, 0.0002500000118743628, 0.0002500000118743628, 0.0002500000118743628, 0.0002500000118743628, 0.0002500000118743628, 0.0002500000118743628, 0.0002500000118743628, 0.0002500000118743628, 0.0002500000118743628, 0.0002500000118743628, 0.0001250000059371814, 0.0001250000059371814, 0.0001250000059371814, 0.0001250000059371814, 0.0001250000059371814]}