{"accuracy": [0.46374568343162537, 0.7311344146728516, 0.8276953101158142, 0.8720725774765015, 0.9034390449523926, 0.9138476848602295, 0.9651874303817749, 0.9777058959007263, 0.98255854845047, 0.9785498380661011, 0.9768619537353516, 0.9784795045852661, 0.982488214969635, 0.993107795715332, 0.996624231338501, 0.996202290058136, 0.9959209561347961, 0.9963428974151611, 0.9955692887306213, 0.9945847392082214, 0.9940924048423767, 0.9937407970428467, 0.9972571730613708, 0.9991560578346252, 0.9985934495925903, 0.9983121156692505, 0.9988043904304504, 0.9992967247962952, 0.9986637830734253, 0.9985231161117554, 0.9973978400230408, 0.9988043904304504, 0.9997889995574951, 0.9993670582771301, 0.9997889995574951, 0.9993670582771301, 0.9992263913154602, 0.9997889995574951, 0.999578058719635, 0.9996483325958252, 0.9994373917579651, 0.9992967247962952, 0.9997186660766602, 0.9996483325958252, 1.0, 0.9998593330383301, 0.9998593330383301, 0.9997889995574951, 0.9997186660766602, 0.9998593330383301, 1.0, 0.999929666519165, 0.9998593330383301, 0.9997186660766602, 1.0, 0.9997889995574951], "loss": [2.218502998352051, 1.4157581329345703, 1.176313877105713, 1.0637755393981934, 0.9847599267959595, 0.9531150460243225, 0.8190369009971619, 0.7828553915023804, 0.7671639919281006, 0.7768734097480774, 0.7788729071617126, 0.7726248502731323, 0.7622479200363159, 0.7289565801620483, 0.7165527939796448, 0.7165863513946533, 0.713894784450531, 0.7113542556762695, 0.7164828777313232, 0.7174692749977112, 0.7199370861053467, 0.7181639075279236, 0.7065508365631104, 0.7003987431526184, 0.7006052732467651, 0.7009955048561096, 0.6994275450706482, 0.6979855895042419, 0.6995527148246765, 0.6987519860267639, 0.702347457408905, 0.6989211440086365, 0.6955322027206421, 0.69594407081604, 0.6944680213928223, 0.694671094417572, 0.6949621438980103, 0.6935381889343262, 0.6936109066009521, 0.693131685256958, 0.693702220916748, 0.6940261125564575, 0.6929774284362793, 0.6928787231445312, 0.6918213367462158, 0.6922521591186523, 0.6920851469039917, 0.692051887512207, 0.6921690106391907, 0.6916258335113525, 0.6915892958641052, 0.6917453408241272, 0.6912853121757507, 0.6918092370033264, 0.6913980841636658, 0.6917368769645691], "val_accuracy": [0.08657465130090714, 0.06976160407066345, 0.037306565791368484, 0.01639481447637081, 0.038143035024404526, 0.017482224851846695, 0.4475114941596985, 0.691760778427124, 0.14387285709381104, 0.46348807215690613, 0.06909243017435074, 0.031785864382982254, 0.0798828974366188, 0.15307402610778809, 0.6368046998977661, 0.029611041769385338, 0.8498536348342896, 0.05069008842110634, 0.6276871562004089, 0.07728983461856842, 0.12061899155378342, 0.31484735012054443, 0.7943956255912781, 0.7846925854682922, 0.38678377866744995, 0.9189460277557373, 0.2469259649515152, 0.4455876350402832, 0.8247595429420471, 0.5631952881813049, 0.5566708445549011, 0.9534085988998413, 0.9542450904846191, 0.9121706485748291, 0.937432050704956, 0.7330824136734009, 0.9580928683280945, 0.9558343887329102, 0.9519866108894348, 0.9529903531074524, 0.9204517006874084, 0.95792555809021, 0.9472187161445618, 0.9416143894195557, 0.9574236869812012, 0.95792555809021, 0.9240485429763794, 0.9519029855728149, 0.9588456749916077, 0.9590129852294922, 0.9565871953964233, 0.9273943901062012, 0.9201170802116394, 0.9568381309509277, 0.9566708207130432, 0.9576746225357056], "val_loss": [3.5077667236328125, 3.958617687225342, 4.465871810913086, 5.022821426391602, 4.8368659019470215, 4.768158435821533, 2.447840929031372, 1.541874647140503, 3.7277019023895264, 2.310870409011841, 4.398233413696289, 4.342736721038818, 4.535486698150635, 3.7062551975250244, 1.830824375152588, 4.593587398529053, 1.144585371017456, 4.892510890960693, 1.9548789262771606, 4.22939920425415, 3.8175289630889893, 3.158385992050171, 1.3347026109695435, 1.3415940999984741, 2.7015347480773926, 0.9489976167678833, 3.171687364578247, 2.423283815383911, 1.2906168699264526, 2.2686269283294678, 2.0959346294403076, 0.8478792309761047, 0.8462076783180237, 0.979924738407135, 0.9016216993331909, 1.6361401081085205, 0.8391005396842957, 0.8448149561882019, 0.8584063053131104, 0.858301043510437, 0.9775939583778381, 0.8407030701637268, 0.880299985408783, 0.8892366290092468, 0.8374456763267517, 0.8358067870140076, 0.9638020992279053, 0.8681603670120239, 0.8380038142204285, 0.8349675536155701, 0.8447592258453369, 0.952897310256958, 0.9850939512252808, 0.8446698784828186, 0.8438944220542908, 0.8431154489517212], "learning_rate": [0.0010000000474974513, 0.0010000000474974513, 0.0010000000474974513, 0.0010000000474974513, 0.0010000000474974513, 0.0010000000474974513, 0.0005000000237487257, 0.0005000000237487257, 0.0005000000237487257, 0.0005000000237487257, 0.0005000000237487257, 0.0005000000237487257, 0.0005000000237487257, 0.0002500000118743628, 0.0002500000118743628, 0.0002500000118743628, 0.0002500000118743628, 0.0002500000118743628, 0.0002500000118743628, 0.0002500000118743628, 0.0002500000118743628, 0.0002500000118743628, 0.0001250000059371814, 0.0001250000059371814, 0.0001250000059371814, 0.0001250000059371814, 0.0001250000059371814, 0.0001250000059371814, 0.0001250000059371814, 0.0001250000059371814, 0.0001250000059371814, 6.25000029685907e-05, 6.25000029685907e-05, 6.25000029685907e-05, 6.25000029685907e-05, 6.25000029685907e-05, 6.25000029685907e-05, 6.25000029685907e-05, 6.25000029685907e-05, 6.25000029685907e-05, 6.25000029685907e-05, 6.25000029685907e-05, 3.125000148429535e-05, 3.125000148429535e-05, 3.125000148429535e-05, 3.125000148429535e-05, 3.125000148429535e-05, 3.125000148429535e-05, 3.125000148429535e-05, 3.125000148429535e-05, 3.125000148429535e-05, 3.125000148429535e-05, 3.125000148429535e-05, 3.125000148429535e-05, 3.125000148429535e-05, 1.5625000742147677e-05]}