{"accuracy": [0.2864477038383484, 0.5714185237884521, 0.7053942084312439, 0.7760742902755737, 0.8210844397544861, 0.8497784733772278, 0.9229200482368469, 0.9443702101707458, 0.9422603845596313, 0.9424713253974915, 0.9518953561782837, 0.9527392983436584, 0.958224892616272, 0.9793234467506409, 0.9879035353660583, 0.9849497079849243, 0.9874815344810486, 0.9886068105697632, 0.9882551431655884, 0.9908573031425476, 0.9952880144119263, 0.996483564376831, 0.9957099556922913, 0.9960616230964661, 0.9951473474502563, 0.9957099556922913, 0.9969758987426758, 0.9982417821884155, 0.9974681735038757, 0.9980307817459106, 0.9973275065422058, 0.9979604482650757, 0.9981011152267456, 0.9981011152267456, 0.9982417821884155, 0.9981011152267456, 0.9988043904304504, 0.9990857243537903, 0.9988043904304504, 0.9990857243537903, 0.9988043904304504, 0.9991560578346252, 0.9988747239112854, 0.9993670582771301, 0.9989450573921204, 0.9992967247962952, 0.9991560578346252, 0.9997889995574951, 0.9994373917579651, 0.9993670582771301, 0.9994373917579651, 0.9990153908729553, 0.9992967247962952, 0.9991560578346252, 0.9995077252388, 0.9995077252388], "loss": [2.366572380065918, 1.201645851135254, 0.8277553915977478, 0.6385897397994995, 0.5186777710914612, 0.43930625915527344, 0.22994770109653473, 0.17537792026996613, 0.17279991507530212, 0.17169009149074554, 0.1528719961643219, 0.14849381148815155, 0.1298239827156067, 0.06223425269126892, 0.04259639233350754, 0.04841352626681328, 0.042747583240270615, 0.039933595806360245, 0.03966959938406944, 0.03064052201807499, 0.014582396484911442, 0.014221478253602982, 0.014265433885157108, 0.012442735955119133, 0.015881504863500595, 0.01411315519362688, 0.010807985439896584, 0.0070981490425765514, 0.008441573940217495, 0.006958896294236183, 0.00807102769613266, 0.006936387158930302, 0.006940050516277552, 0.005865398794412613, 0.0066967736929655075, 0.006983643397688866, 0.004550565965473652, 0.0034506197553128004, 0.003484458429738879, 0.002989591797813773, 0.004202148877084255, 0.002958354540169239, 0.003460922045633197, 0.004178259987384081, 0.003317153314128518, 0.0035687685012817383, 0.0036142289172858, 0.0014562072465196252, 0.002407929627224803, 0.0025314565282315016, 0.0027759207878261805, 0.002583320252597332, 0.0028165539260953665, 0.002893168246373534, 0.0016014432767406106, 0.0021944257896393538], "val_accuracy": [0.039397742599248886, 0.018151400610804558, 0.016813049092888832, 0.1294855773448944, 0.02818904258310795, 0.03805939108133316, 0.19322459399700165, 0.2965286374092102, 0.03805939108133316, 0.017482224851846695, 0.019991634413599968, 0.022751986980438232, 0.00334588042460382, 0.7151819467544556, 0.1136762872338295, 0.02392304502427578, 0.01982434093952179, 0.4982852339744568, 0.30363863706588745, 0.6338770389556885, 0.8794646859169006, 0.5159347653388977, 0.6409870386123657, 0.025010455399751663, 0.8801338076591492, 0.872103750705719, 0.9171894788742065, 0.8738602995872498, 0.9048933386802673, 0.2525303363800049, 0.9425345063209534, 0.9134253263473511, 0.8912588953971863, 0.9336678981781006, 0.6688414812088013, 0.9343370795249939, 0.9502300024032593, 0.907820999622345, 0.9420326352119446, 0.9005436897277832, 0.9508991837501526, 0.7616896629333496, 0.954328715801239, 0.9549142718315125, 0.9538268446922302, 0.9561689496040344, 0.9491426348686218, 0.9519029855728149, 0.9575909376144409, 0.9560853242874146, 0.9409452080726624, 0.9545796513557434, 0.9519029855728149, 0.9416143894195557, 0.9546633362770081, 0.956336259841919], "val_loss": [4.533432483673096, 7.0191826820373535, 7.95517110824585, 4.5653791427612305, 6.506728172302246, 6.120153903961182, 4.586650848388672, 3.2896647453308105, 9.386211395263672, 10.082733154296875, 7.512441635131836, 8.463597297668457, 11.505548477172852, 1.1437525749206543, 6.502002716064453, 7.231366157531738, 8.039867401123047, 2.4624264240264893, 3.843657970428467, 1.8426562547683716, 0.4928426742553711, 2.201284646987915, 1.771008849143982, 8.492011070251465, 0.5523326396942139, 0.5597138404846191, 0.3678339719772339, 0.6335446834564209, 0.4208231270313263, 5.319722652435303, 0.27228716015815735, 0.3769311010837555, 0.5573936700820923, 0.3168089985847473, 1.5421202182769775, 0.33287951350212097, 0.24044008553028107, 0.47838839888572693, 0.28935760259628296, 0.4540925621986389, 0.24204623699188232, 1.1294798851013184, 0.24337142705917358, 0.23638662695884705, 0.23211024701595306, 0.22649163007736206, 0.2520908713340759, 0.24346542358398438, 0.22553996741771698, 0.23415350914001465, 0.3028567135334015, 0.24591301381587982, 0.2568265497684479, 0.302540123462677, 0.23590755462646484, 0.23007364571094513], "learning_rate": [0.0010000000474974513, 0.0010000000474974513, 0.0010000000474974513, 0.0010000000474974513, 0.0010000000474974513, 0.0010000000474974513, 0.0005000000237487257, 0.0005000000237487257, 0.0005000000237487257, 0.0005000000237487257, 0.0005000000237487257, 0.0005000000237487257, 0.0005000000237487257, 0.0002500000118743628, 0.0002500000118743628, 0.0002500000118743628, 0.0002500000118743628, 0.0002500000118743628, 0.0002500000118743628, 0.0001250000059371814, 0.0001250000059371814, 0.0001250000059371814, 0.0001250000059371814, 0.0001250000059371814, 0.0001250000059371814, 0.0001250000059371814, 6.25000029685907e-05, 6.25000029685907e-05, 6.25000029685907e-05, 6.25000029685907e-05, 6.25000029685907e-05, 6.25000029685907e-05, 6.25000029685907e-05, 6.25000029685907e-05, 6.25000029685907e-05, 6.25000029685907e-05, 3.125000148429535e-05, 3.125000148429535e-05, 3.125000148429535e-05, 3.125000148429535e-05, 3.125000148429535e-05, 3.125000148429535e-05, 1.5625000742147677e-05, 1.5625000742147677e-05, 1.5625000742147677e-05, 1.5625000742147677e-05, 1.5625000742147677e-05, 1.5625000742147677e-05, 1.5625000742147677e-05, 1.5625000742147677e-05, 1.5625000742147677e-05, 1.5625000742147677e-05, 1.5625000742147677e-05, 1.5625000742147677e-05, 7.812500371073838e-06, 7.812500371073838e-06]}