{"accuracy": [0.2588789761066437, 0.5139601826667786, 0.6434348225593567, 0.7180532813072205, 0.7602503895759583, 0.7898586392402649, 0.8158801794052124, 0.8293831944465637, 0.8372600078582764, 0.8586398363113403, 0.8721429109573364, 0.9273506999015808, 0.9467613697052002, 0.9430339932441711, 0.9540051817893982, 0.9506294131278992, 0.9529502987861633, 0.9536535739898682, 0.982136607170105, 0.9836838245391846, 0.9845981001853943, 0.9853013753890991, 0.9869892597198486, 0.986426591873169, 0.9919825792312622, 0.9948660135269165, 0.9953583478927612, 0.9967648983001709, 0.9937407970428467, 0.9960616230964661, 0.9968352317810059, 0.9983824491500854, 0.9981011152267456, 0.9985934495925903, 0.9986637830734253, 0.9985934495925903, 0.9987341165542603, 0.9991560578346252, 0.9985231161117554, 0.9990153908729553, 0.9992263913154602], "loss": [2.4594874382019043, 1.3684262037277222, 0.9871431589126587, 0.7919614315032959, 0.6563928723335266, 0.5843024849891663, 0.5045292973518372, 0.4718790650367737, 0.4653450548648834, 0.40417206287384033, 0.35446763038635254, 0.2096661627292633, 0.1536107361316681, 0.16661982238292694, 0.13841107487678528, 0.14655345678329468, 0.14465634524822235, 0.13927476108074188, 0.05842890962958336, 0.04766997694969177, 0.048538319766521454, 0.04831468686461449, 0.042963724583387375, 0.043719660490751266, 0.025403164327144623, 0.01861543022096157, 0.017002250999212265, 0.012901137582957745, 0.021705299615859985, 0.012723308056592941, 0.01129398588091135, 0.0064150490798056126, 0.006999078206717968, 0.006282350048422813, 0.0057092998176813126, 0.0053932988084852695, 0.005205977242439985, 0.003808196634054184, 0.004517800640314817, 0.00443635368719697, 0.0036536529660224915], "val_accuracy": [0.28364700078964233, 0.4542032480239868, 0.6155583262443542, 0.6381430625915527, 0.602760374546051, 0.777582585811615, 0.6940192580223083, 0.7297365069389343, 0.743120014667511, 0.752321183681488, 0.7943120002746582, 0.8755332231521606, 0.9152655601501465, 0.8802174925804138, 0.9056461453437805, 0.8831451535224915, 0.8567963242530823, 0.8744458556175232, 0.9443747401237488, 0.9379339218139648, 0.9300711154937744, 0.9346717000007629, 0.9350899457931519, 0.9361773133277893, 0.9516520500183105, 0.9529903531074524, 0.9504809975624084, 0.9501463770866394, 0.953492283821106, 0.9516520500183105, 0.9555834531784058, 0.954328715801239, 0.9555834531784058, 0.9541614651679993, 0.9568381309509277, 0.9560853242874146, 0.9576746225357056, 0.9567545056343079, 0.9578419327735901, 0.9578419327735901, 0.9572563767433167], "val_loss": [2.549459218978882, 1.735310673713684, 1.129085659980774, 1.0106675624847412, 1.1778866052627563, 0.6034116148948669, 0.9247828722000122, 0.8294376730918884, 0.757891833782196, 0.7237708568572998, 0.6048229336738586, 0.34766244888305664, 0.24747024476528168, 0.3691839873790741, 0.30396854877471924, 0.38150808215141296, 0.4675654172897339, 0.4213787019252777, 0.1868089884519577, 0.2168150544166565, 0.25494855642318726, 0.23447823524475098, 0.24687683582305908, 0.24245715141296387, 0.18046019971370697, 0.1819794774055481, 0.1963181495666504, 0.20967039465904236, 0.18970805406570435, 0.19415418803691864, 0.17759646475315094, 0.19010521471500397, 0.18388140201568604, 0.1968528777360916, 0.1929454356431961, 0.1974051594734192, 0.18624086678028107, 0.18618138134479523, 0.18460935354232788, 0.186838299036026, 0.19561953842639923], "learning_rate": [0.0010000000474974513, 0.0010000000474974513, 0.0010000000474974513, 0.0010000000474974513, 0.0010000000474974513, 0.0010000000474974513, 0.0010000000474974513, 0.0010000000474974513, 0.0010000000474974513, 0.0010000000474974513, 0.0010000000474974513, 0.0005000000237487257, 0.0005000000237487257, 0.0005000000237487257, 0.0005000000237487257, 0.0005000000237487257, 0.0005000000237487257, 0.0005000000237487257, 0.0002500000118743628, 0.0002500000118743628, 0.0002500000118743628, 0.0002500000118743628, 0.0002500000118743628, 0.0002500000118743628, 0.0001250000059371814, 0.0001250000059371814, 0.0001250000059371814, 0.0001250000059371814, 0.0001250000059371814, 0.0001250000059371814, 6.25000029685907e-05, 6.25000029685907e-05, 6.25000029685907e-05, 6.25000029685907e-05, 6.25000029685907e-05, 6.25000029685907e-05, 3.125000148429535e-05, 3.125000148429535e-05, 3.125000148429535e-05, 3.125000148429535e-05, 3.125000148429535e-05]}