{"accuracy": [0.20374147593975067, 0.4269639253616333, 0.5912511348724365, 0.6785287261009216, 0.7339475154876709, 0.7736830711364746, 0.7919684648513794, 0.8153175115585327, 0.8331106305122375, 0.8471059799194336, 0.8599761128425598, 0.8708769679069519, 0.8813559412956238, 0.8859975934028625, 0.8972501754760742, 0.8966875076293945, 0.9084323644638062, 0.915535569190979, 0.9184893369674683, 0.9229903817176819, 0.9642731547355652, 0.9702510833740234, 0.9712356925010681, 0.9713762998580933, 0.9691961407661438, 0.9708136916160583, 0.9853013753890991, 0.9919122457504272, 0.9884661436080933, 0.9904353618621826, 0.9898726940155029, 0.9909276366233826, 0.9945847392082214, 0.996483564376831, 0.996553897857666, 0.9964132308959961, 0.9963428974151611], "loss": [2.6810717582702637, 1.5937118530273438, 1.129650354385376, 0.8685976266860962, 0.7227127552032471, 0.6305273175239563, 0.5694541931152344, 0.5108934640884399, 0.47260889410972595, 0.4388846457004547, 0.3923824429512024, 0.37402960658073425, 0.34425386786460876, 0.3286135196685791, 0.2925645709037781, 0.30346739292144775, 0.26823434233665466, 0.2556498348712921, 0.2422746866941452, 0.2316257655620575, 0.1117311641573906, 0.08895617723464966, 0.08933413773775101, 0.09035835415124893, 0.09459351003170013, 0.08350538462400436, 0.0464206300675869, 0.027666715905070305, 0.034904178231954575, 0.033836714923381805, 0.032828934490680695, 0.028987109661102295, 0.01829591952264309, 0.011740859597921371, 0.010849174112081528, 0.01297052577137947, 0.012559224851429462], "val_accuracy": [0.15474696457386017, 0.3897114098072052, 0.4185696244239807, 0.6578000783920288, 0.7176076769828796, 0.680970311164856, 0.7657883763313293, 0.7626934051513672, 0.8160602450370789, 0.8099539875984192, 0.821664571762085, 0.8336260914802551, 0.8675867915153503, 0.829276442527771, 0.8756169080734253, 0.8572145700454712, 0.8017565608024597, 0.7853617668151855, 0.8245922327041626, 0.8375574946403503, 0.9318276643753052, 0.9183605313301086, 0.9244667291641235, 0.9253868460655212, 0.934253454208374, 0.922208309173584, 0.9513174295425415, 0.9488080143928528, 0.9492262601852417, 0.9472187161445618, 0.948306143283844, 0.9415307641029358, 0.9552488327026367, 0.9546633362770081, 0.9539104700088501, 0.9525721669197083, 0.9449602961540222], "val_loss": [2.826585054397583, 1.950046420097351, 2.4757564067840576, 0.9576168060302734, 0.7583604454994202, 0.9274715185165405, 0.6368635296821594, 0.6587783098220825, 0.5146749019622803, 0.5093790292739868, 0.5354043841362, 0.49612486362457275, 0.3769723176956177, 0.4898005425930023, 0.36060839891433716, 0.43646299839019775, 0.6119694709777832, 0.6604834794998169, 0.5856459736824036, 0.5269252061843872, 0.21413184702396393, 0.2688984274864197, 0.2558155655860901, 0.25440582633018494, 0.22200100123882294, 0.2797940671443939, 0.1735086292028427, 0.19148938357830048, 0.1905796378850937, 0.21378694474697113, 0.2101392149925232, 0.23854899406433105, 0.1803222894668579, 0.1932506114244461, 0.19666969776153564, 0.2097826600074768, 0.24544741213321686], "learning_rate": [0.0010000000474974513, 0.0010000000474974513, 0.0010000000474974513, 0.0010000000474974513, 0.0010000000474974513, 0.0010000000474974513, 0.0010000000474974513, 0.0010000000474974513, 0.0010000000474974513, 0.0010000000474974513, 0.0010000000474974513, 0.0010000000474974513, 0.0010000000474974513, 0.0010000000474974513, 0.0010000000474974513, 0.0010000000474974513, 0.0010000000474974513, 0.0010000000474974513, 0.0010000000474974513, 0.0010000000474974513, 0.0005000000237487257, 0.0005000000237487257, 0.0005000000237487257, 0.0005000000237487257, 0.0005000000237487257, 0.0005000000237487257, 0.0002500000118743628, 0.0002500000118743628, 0.0002500000118743628, 0.0002500000118743628, 0.0002500000118743628, 0.0002500000118743628, 0.0001250000059371814, 0.0001250000059371814, 0.0001250000059371814, 0.0001250000059371814, 0.0001250000059371814]}