{"accuracy": [0.4195091128349304, 0.6875307559967041, 0.7833181023597717, 0.8311414122581482, 0.8745340704917908, 0.8895843625068665, 0.9011182188987732, 0.923271656036377, 0.9210211634635925, 0.9286166429519653, 0.9386032819747925, 0.940220832824707, 0.9425416588783264, 0.9810113310813904, 0.9861453175544739, 0.9869892597198486, 0.9881848096847534, 0.9849497079849243, 0.9836134910583496, 0.9922638535499573, 0.9956396222114563, 0.9974681735038757, 0.9960616230964661, 0.9970462322235107, 0.9967648983001709, 0.9950066804885864, 0.9979604482650757, 0.9990153908729553, 0.9987341165542603, 0.9992967247962952, 0.9989450573921204, 0.9987341165542603, 0.9990153908729553, 0.9981011152267456, 0.9988043904304504, 0.9992263913154602, 0.9995077252388, 0.9990857243537903, 0.9990153908729553, 0.9995077252388], "loss": [1.7890781164169312, 0.8946561813354492, 0.6093257665634155, 0.48016923666000366, 0.37211060523986816, 0.3221828043460846, 0.30321410298347473, 0.2495134025812149, 0.24107728898525238, 0.22113457322120667, 0.18731877207756042, 0.1841338872909546, 0.18532899022102356, 0.059988316148519516, 0.04563448205590248, 0.04499802365899086, 0.04131795093417168, 0.05363703519105911, 0.05442772060632706, 0.02463723160326481, 0.013346865773200989, 0.008452908135950565, 0.014376107603311539, 0.010068848729133606, 0.01080863457173109, 0.016811132431030273, 0.006001005880534649, 0.00376739539206028, 0.004200708586722612, 0.002861587330698967, 0.0035482270177453756, 0.004599225707352161, 0.0030755377374589443, 0.008175899274647236, 0.0033744163811206818, 0.00276203453540802, 0.0017930064350366592, 0.0024236589670181274, 0.002748422557488084, 0.001955901738256216], "val_accuracy": [0.040401507169008255, 0.04031785950064659, 0.04684232547879219, 0.06599748879671097, 0.03002927638590336, 0.002509410260245204, 0.036888331174850464, 0.04031785950064659, 0.019573399797081947, 0.024675868451595306, 0.06733584403991699, 0.017482224851846695, 0.04023421183228493, 0.49092429876327515, 0.09602676331996918, 0.25052279233932495, 0.02676704339683056, 0.09577582776546478, 0.017482224851846695, 0.03697197884321213, 0.8571308851242065, 0.3014638125896454, 0.5135926604270935, 0.16428272426128387, 0.0308657456189394, 0.48624005913734436, 0.6683396100997925, 0.9414470791816711, 0.9388540387153625, 0.9461313486099243, 0.5203680396080017, 0.9212881922721863, 0.43948137760162354, 0.7464659214019775, 0.8567126989364624, 0.9484734535217285, 0.9303220510482788, 0.1127561703324318, 0.8461731672286987, 0.879715621471405], "val_loss": [4.311790466308594, 5.413721084594727, 4.5168375968933105, 4.485840320587158, 4.07911491394043, 6.446292877197266, 5.3443989753723145, 3.8976924419403076, 5.760668754577637, 5.064626693725586, 5.178176403045654, 17.487255096435547, 4.95114278793335, 2.1870265007019043, 4.435053825378418, 3.3579163551330566, 6.1944427490234375, 4.633859634399414, 6.491537094116211, 5.099427223205566, 0.5723141431808472, 3.123419761657715, 2.4299731254577637, 4.949592113494873, 5.2158355712890625, 2.2708182334899902, 1.556600570678711, 0.28838786482810974, 0.30937865376472473, 0.27768173813819885, 2.0170347690582275, 0.38951021432876587, 2.9843335151672363, 1.1182326078414917, 0.7117730975151062, 0.29004377126693726, 0.38101649284362793, 6.055508136749268, 0.7718839645385742, 0.5329844355583191], "learning_rate": [0.0010000000474974513, 0.0010000000474974513, 0.0010000000474974513, 0.0010000000474974513, 0.0010000000474974513, 0.0010000000474974513, 0.0010000000474974513, 0.0010000000474974513, 0.0010000000474974513, 0.0010000000474974513, 0.0010000000474974513, 0.0010000000474974513, 0.0010000000474974513, 0.0005000000237487257, 0.0005000000237487257, 0.0005000000237487257, 0.0005000000237487257, 0.0005000000237487257, 0.0005000000237487257, 0.0002500000118743628, 0.0002500000118743628, 0.0002500000118743628, 0.0002500000118743628, 0.0002500000118743628, 0.0002500000118743628, 0.0002500000118743628, 0.0001250000059371814, 0.0001250000059371814, 0.0001250000059371814, 0.0001250000059371814, 0.0001250000059371814, 0.0001250000059371814, 0.0001250000059371814, 0.0001250000059371814, 0.0001250000059371814, 6.25000029685907e-05, 6.25000029685907e-05, 6.25000029685907e-05, 6.25000029685907e-05, 6.25000029685907e-05]}