{"accuracy": [0.33202052116394043, 0.638160228729248, 0.7573668956756592, 0.8103241920471191, 0.845488429069519, 0.8784724473953247, 0.8857163190841675, 0.9041423201560974, 0.9167311191558838, 0.919333279132843, 0.9260144829750061, 0.9412757754325867, 0.9420493841171265, 0.9500668048858643, 0.9490821957588196, 0.9497854709625244, 0.9544975161552429, 0.9647654294967651, 0.9597721099853516, 0.9559744000434875, 0.9749630689620972, 0.9619523286819458, 0.9879035353660583, 0.9935297966003418, 0.9946550130844116, 0.9943737387657166, 0.9876925349235535, 0.9914199113845825, 0.9959209561347961, 0.9968352317810059, 0.9983121156692505, 0.9975385069847107, 0.9976791739463806, 0.9962725639343262, 0.9977495074272156, 0.9972571730613708, 0.9978901743888855, 0.9994373917579651, 0.9997186660766602, 0.9998593330383301, 0.9994373917579651], "loss": [2.1899044513702393, 1.0142300128936768, 0.6954057812690735, 0.5461325645446777, 0.45394518971443176, 0.3588491976261139, 0.3392453193664551, 0.3044866919517517, 0.26239654421806335, 0.25156107544898987, 0.23487155139446259, 0.18714949488639832, 0.18870258331298828, 0.1663178652524948, 0.16760849952697754, 0.16945424675941467, 0.15738269686698914, 0.11679037660360336, 0.13829204440116882, 0.1474684476852417, 0.08395370841026306, 0.13350960612297058, 0.04185367748141289, 0.024444082751870155, 0.01773294061422348, 0.022915340960025787, 0.04349448159337044, 0.03188784793019295, 0.01669774204492569, 0.00994089525192976, 0.007130612153559923, 0.009432593360543251, 0.009498129598796368, 0.016137635335326195, 0.00823670718818903, 0.009722688235342503, 0.0072963666170835495, 0.0020499282982200384, 0.002000568900257349, 0.0013337050331756473, 0.0018959426088258624], "val_accuracy": [0.3415307402610779, 0.577917218208313, 0.6727728843688965, 0.7468004822731018, 0.7652028203010559, 0.834044337272644, 0.8341279625892639, 0.8386449217796326, 0.8573818206787109, 0.8265160918235779, 0.8746131062507629, 0.8898369073867798, 0.8875784277915955, 0.8383939862251282, 0.8906733393669128, 0.8675031661987305, 0.9231284260749817, 0.8788791298866272, 0.8387285470962524, 0.9088247418403625, 0.9087411165237427, 0.9053952097892761, 0.9416143894195557, 0.9445420503616333, 0.9427854418754578, 0.9300711154937744, 0.9300711154937744, 0.9364282488822937, 0.9483897686004639, 0.9514011144638062, 0.9544124007225037, 0.9447929859161377, 0.9466332197189331, 0.9463822841644287, 0.9473860263824463, 0.9518193006515503, 0.9547469615936279, 0.9560853242874146, 0.959514856338501, 0.9573400020599365, 0.9564198851585388], "val_loss": [2.174097776412964, 1.3835664987564087, 0.9443365931510925, 0.7584494948387146, 0.7184000015258789, 0.529701292514801, 0.521001398563385, 0.512571394443512, 0.4525749981403351, 0.6046206951141357, 0.4365432858467102, 0.384272962808609, 0.3914167582988739, 0.6338710188865662, 0.40547847747802734, 0.47860926389694214, 0.26577383279800415, 0.4504361152648926, 0.5994405150413513, 0.38671213388442993, 0.360811710357666, 0.3408489525318146, 0.22796893119812012, 0.2297326773405075, 0.26204273104667664, 0.3376843333244324, 0.31236734986305237, 0.2984773516654968, 0.24509784579277039, 0.2304626703262329, 0.21487581729888916, 0.27253592014312744, 0.26062121987342834, 0.2711486518383026, 0.2641662359237671, 0.2476489394903183, 0.24305200576782227, 0.22947834432125092, 0.2210664004087448, 0.22522950172424316, 0.24015852808952332], "learning_rate": [0.0010000000474974513, 0.0010000000474974513, 0.0010000000474974513, 0.0010000000474974513, 0.0010000000474974513, 0.0010000000474974513, 0.0010000000474974513, 0.0010000000474974513, 0.0010000000474974513, 0.0010000000474974513, 0.0010000000474974513, 0.0010000000474974513, 0.0010000000474974513, 0.0010000000474974513, 0.0010000000474974513, 0.0010000000474974513, 0.0010000000474974513, 0.0010000000474974513, 0.0010000000474974513, 0.0010000000474974513, 0.0010000000474974513, 0.0010000000474974513, 0.0005000000237487257, 0.0005000000237487257, 0.0005000000237487257, 0.0005000000237487257, 0.0005000000237487257, 0.0005000000237487257, 0.0002500000118743628, 0.0002500000118743628, 0.0002500000118743628, 0.0002500000118743628, 0.0002500000118743628, 0.0002500000118743628, 0.0002500000118743628, 0.0002500000118743628, 0.0001250000059371814, 0.0001250000059371814, 0.0001250000059371814, 0.0001250000059371814, 0.0001250000059371814]}