{"accuracy": [0.11294746398925781, 0.2565581202507019, 0.387580007314682, 0.5065053701400757, 0.6038399338722229, 0.6712849140167236, 0.7216400504112244, 0.764962375164032, 0.7992123365402222, 0.8169350624084473, 0.8468949794769287, 0.8519586324691772, 0.8743934035301208, 0.880582332611084, 0.9338209629058838, 0.9500668048858643, 0.950910747051239, 0.9568183422088623, 0.9574512839317322, 0.9590688347816467, 0.9629369378089905, 0.9789014458656311, 0.9869892597198486, 0.9891694188117981, 0.9879738092422485, 0.9869189262390137, 0.986356258392334, 0.9938814043998718, 0.9958506226539612, 0.9974681735038757, 0.9962725639343262, 0.996131956577301, 0.9971868395805359, 0.9978901743888855, 0.9982417821884155, 0.9983824491500854, 0.9985934495925903, 0.9981714487075806], "loss": [3.2358639240264893, 2.3226253986358643, 1.7616617679595947, 1.3538106679916382, 1.0862680673599243, 0.8865049481391907, 0.7723234295845032, 0.6572075486183167, 0.5710243582725525, 0.5125426054000854, 0.4366374611854553, 0.4196358025074005, 0.3621927797794342, 0.3581782281398773, 0.1961188167333603, 0.14980551600456238, 0.14297856390476227, 0.13269324600696564, 0.13013604283332825, 0.12464320659637451, 0.11375994980335236, 0.06777384132146835, 0.04120790213346481, 0.035730890929698944, 0.04178711026906967, 0.04267219826579094, 0.04378877580165863, 0.02209801971912384, 0.01493766624480486, 0.011651978828012943, 0.012067706324160099, 0.013609763234853745, 0.010267169214785099, 0.009772257879376411, 0.006452218163758516, 0.006526336073875427, 0.0067823841236531734, 0.008119849488139153], "val_accuracy": [0.03989962488412857, 0.04023421183228493, 0.48598912358283997, 0.4214136302471161, 0.48347970843315125, 0.6285236477851868, 0.6574655175209045, 0.7492262721061707, 0.7837724685668945, 0.7253868579864502, 0.7785863876342773, 0.779506504535675, 0.688582181930542, 0.7192806601524353, 0.8732748031616211, 0.8838979601860046, 0.8445001840591431, 0.8723546862602234, 0.8716018199920654, 0.877373456954956, 0.8179004788398743, 0.912254273891449, 0.9181095957756042, 0.9111668467521667, 0.9156001806259155, 0.9115850925445557, 0.9197825193405151, 0.9353408813476562, 0.9297364950180054, 0.9302383661270142, 0.9297364950180054, 0.9350899457931519, 0.934253454208374, 0.937432050704956, 0.9375156760215759, 0.9368464946746826, 0.9380175471305847, 0.937850296497345], "val_loss": [4.841884136199951, 5.839672088623047, 1.4028240442276, 2.131196975708008, 1.5246448516845703, 1.1221485137939453, 0.9805583357810974, 0.706027626991272, 0.6031512022018433, 0.8061414361000061, 0.6415257453918457, 0.6905688643455505, 1.0024151802062988, 1.0516258478164673, 0.4058223366737366, 0.37185022234916687, 0.5587973594665527, 0.4382593631744385, 0.4381412863731384, 0.4741564989089966, 0.6748819351196289, 0.3097178637981415, 0.3193512260913849, 0.35454511642456055, 0.3400397002696991, 0.3719218075275421, 0.32944294810295105, 0.264797180891037, 0.2834686040878296, 0.2862919867038727, 0.29951685667037964, 0.2877819538116455, 0.29316359758377075, 0.28154024481773376, 0.2793188989162445, 0.2871750593185425, 0.2870107889175415, 0.2866593301296234], "learning_rate": [0.0010000000474974513, 0.0010000000474974513, 0.0010000000474974513, 0.0010000000474974513, 0.0010000000474974513, 0.0010000000474974513, 0.0010000000474974513, 0.0010000000474974513, 0.0010000000474974513, 0.0010000000474974513, 0.0010000000474974513, 0.0010000000474974513, 0.0010000000474974513, 0.0010000000474974513, 0.0005000000237487257, 0.0005000000237487257, 0.0005000000237487257, 0.0005000000237487257, 0.0005000000237487257, 0.0005000000237487257, 0.0005000000237487257, 0.0002500000118743628, 0.0002500000118743628, 0.0002500000118743628, 0.0002500000118743628, 0.0002500000118743628, 0.0002500000118743628, 0.0001250000059371814, 0.0001250000059371814, 0.0001250000059371814, 0.0001250000059371814, 0.0001250000059371814, 0.0001250000059371814, 6.25000029685907e-05, 6.25000029685907e-05, 6.25000029685907e-05, 6.25000029685907e-05, 6.25000029685907e-05]}