{"accuracy": [0.038328997790813446, 0.0842534601688385, 0.13207679986953735, 0.17146071791648865, 0.20964905619621277, 0.2521977722644806, 0.2960827052593231, 0.3334271013736725, 0.38293832540512085, 0.4260496497154236, 0.45636120438575745, 0.5046064853668213, 0.540473997592926, 0.5743020176887512, 0.61396723985672, 0.6475841999053955, 0.6769111752510071, 0.7027920484542847, 0.7342991828918457, 0.7631338238716125, 0.7808566093444824, 0.8050495982170105, 0.8283986449241638, 0.8462620377540588, 0.8628595471382141, 0.8814966082572937, 0.8883887529373169, 0.9040719866752625, 0.908784031867981, 0.9235529899597168, 0.9285463094711304, 0.9398691654205322, 0.9419790506362915, 0.9511217474937439, 0.9630775451660156, 0.968422532081604, 0.9706730246543884, 0.9727125763893127, 0.9727829098701477, 0.9773542284965515, 0.9795344471931458, 0.9826992154121399, 0.9807299971580505, 0.9832618236541748, 0.9852310419082642, 0.9838244318962097, 0.985863983631134, 0.9850903749465942], "loss": [4.138585090637207, 3.6554348468780518, 3.2990949153900146, 3.024425745010376, 2.776258707046509, 2.526648998260498, 2.2847745418548584, 2.070002317428589, 1.8823012113571167, 1.7055485248565674, 1.5491622686386108, 1.397796630859375, 1.265055537223816, 1.1475350856781006, 1.0380758047103882, 0.9326736330986023, 0.8437199592590332, 0.7702475786209106, 0.6927040815353394, 0.6257039308547974, 0.5730326175689697, 0.5190019011497498, 0.4617339074611664, 0.42104241251945496, 0.376598596572876, 0.3383015990257263, 0.30658450722694397, 0.27262407541275024, 0.2544786036014557, 0.22144916653633118, 0.20544932782649994, 0.1823785901069641, 0.168522447347641, 0.14753274619579315, 0.1191173568367958, 0.10646316409111023, 0.10065016895532608, 0.09590499848127365, 0.09185000509023666, 0.08150852471590042, 0.07650849968194962, 0.07138112187385559, 0.0710822269320488, 0.06582944095134735, 0.061438947916030884, 0.061941273510456085, 0.06015482917428017, 0.058489784598350525], "val_accuracy": [0.07862818986177444, 0.10857381671667099, 0.15273943543434143, 0.1816813051700592, 0.2136344611644745, 0.26800501346588135, 0.29878711700439453, 0.3380175530910492, 0.39163529872894287, 0.4150564670562744, 0.4665830135345459, 0.48364701867103577, 0.5223755836486816, 0.5741530656814575, 0.6132998466491699, 0.6485152840614319, 0.6777917146682739, 0.6894186735153198, 0.7362609505653381, 0.7495608329772949, 0.7759096622467041, 0.7834379076957703, 0.8089502453804016, 0.7720618844032288, 0.8207444548606873, 0.8375574946403503, 0.8402342200279236, 0.8491007685661316, 0.8586365580558777, 0.8665830492973328, 0.8707653880119324, 0.8644918203353882, 0.853283166885376, 0.8676704168319702, 0.8897532224655151, 0.8929318189620972, 0.888582170009613, 0.890171468257904, 0.8899205327033997, 0.8970305323600769, 0.9016311168670654, 0.8945211172103882, 0.8999581933021545, 0.8972814679145813, 0.9002927541732788, 0.90179842710495, 0.9038059115409851, 0.9015474915504456], "val_loss": [3.639035940170288, 3.4077203273773193, 3.216770887374878, 3.016045093536377, 2.818281412124634, 2.582124710083008, 2.380674362182617, 2.21836519241333, 2.024700880050659, 1.8582885265350342, 1.678718090057373, 1.5631448030471802, 1.4233121871948242, 1.2875242233276367, 1.160404920578003, 1.0336984395980835, 0.9734036922454834, 0.9075332283973694, 0.7842286229133606, 0.7293435335159302, 0.6699464321136475, 0.6431251168251038, 0.5642236471176147, 0.6746325492858887, 0.5164586305618286, 0.46881088614463806, 0.46387559175491333, 0.4364149868488312, 0.4075716733932495, 0.39695975184440613, 0.37712928652763367, 0.39921602606773376, 0.4384201169013977, 0.3891156315803528, 0.3265293538570404, 0.32115110754966736, 0.33685651421546936, 0.33496490120887756, 0.336664617061615, 0.30855774879455566, 0.3030167520046234, 0.3176814913749695, 0.31273603439331055, 0.31700262427330017, 0.3056805729866028, 0.3057959973812103, 0.3038840591907501, 0.3027867376804352], "learning_rate": [9.999999747378752e-06, 9.999999747378752e-06, 9.999999747378752e-06, 9.999999747378752e-06, 9.999999747378752e-06, 9.999999747378752e-06, 9.999999747378752e-06, 9.999999747378752e-06, 9.999999747378752e-06, 9.999999747378752e-06, 9.999999747378752e-06, 9.999999747378752e-06, 9.999999747378752e-06, 9.999999747378752e-06, 9.999999747378752e-06, 9.999999747378752e-06, 9.999999747378752e-06, 9.999999747378752e-06, 9.999999747378752e-06, 9.999999747378752e-06, 9.999999747378752e-06, 9.999999747378752e-06, 9.999999747378752e-06, 9.999999747378752e-06, 9.999999747378752e-06, 9.999999747378752e-06, 9.999999747378752e-06, 9.999999747378752e-06, 9.999999747378752e-06, 9.999999747378752e-06, 9.999999747378752e-06, 9.999999747378752e-06, 9.999999747378752e-06, 9.999999747378752e-06, 4.999999873689376e-06, 4.999999873689376e-06, 4.999999873689376e-06, 4.999999873689376e-06, 4.999999873689376e-06, 2.499999936844688e-06, 2.499999936844688e-06, 2.499999936844688e-06, 2.499999936844688e-06, 2.499999936844688e-06, 1.249999968422344e-06, 1.249999968422344e-06, 1.249999968422344e-06, 6.24999984211172e-07]}