{"accuracy": [0.022294113412499428, 0.03516421839594841, 0.045080527663230896, 0.06800759583711624, 0.0926225483417511, 0.11618257313966751, 0.1452985405921936, 0.17223434150218964, 0.2025458961725235, 0.22434771060943604, 0.25261974334716797, 0.27167874574661255, 0.2993178069591522, 0.3143680989742279, 0.33504465222358704, 0.3552289307117462, 0.37499120831489563, 0.3900415003299713, 0.4083268940448761, 0.4283001720905304, 0.4451789855957031, 0.46297207474708557, 0.4796399176120758, 0.49898022413253784, 0.5176172852516174, 0.5363246202468872, 0.5522188544273376, 0.5673394799232483, 0.5906181931495667, 0.6039806008338928, 0.6226879358291626, 0.6428018808364868, 0.6568675637245178, 0.6755046248435974, 0.6861945390701294, 0.7071524262428284, 0.7129193544387817, 0.7323299646377563, 0.7415429949760437, 0.7560306787490845, 0.7632041573524475, 0.778535783290863, 0.7799423336982727, 0.793093740940094, 0.7949926257133484, 0.8049089312553406, 0.8096912503242493, 0.8122230768203735, 0.8128560185432434, 0.8151065707206726, 0.8264294266700745, 0.8290315866470337, 0.8289612531661987, 0.8295941948890686, 0.8289612531661987], "loss": [4.36154842376709, 4.143357276916504, 3.965808391571045, 3.768885850906372, 3.5922794342041016, 3.42752742767334, 3.253976345062256, 3.11234450340271, 2.9573469161987305, 2.8419830799102783, 2.7009167671203613, 2.5786285400390625, 2.4613378047943115, 2.355787992477417, 2.2519302368164062, 2.1628949642181396, 2.0757827758789062, 1.9979665279388428, 1.9213284254074097, 1.8375335931777954, 1.7635430097579956, 1.6982388496398926, 1.6279414892196655, 1.5592384338378906, 1.4977774620056152, 1.4283379316329956, 1.381470799446106, 1.3143010139465332, 1.254593849182129, 1.2008334398269653, 1.1481987237930298, 1.0870317220687866, 1.039971947669983, 0.998471736907959, 0.9430927634239197, 0.8870648145675659, 0.857465922832489, 0.8119961023330688, 0.777935266494751, 0.7449431419372559, 0.7150247097015381, 0.6749904751777649, 0.6603342294692993, 0.6309688091278076, 0.6266091465950012, 0.6052870154380798, 0.5862557888031006, 0.5775119662284851, 0.5673516988754272, 0.564305305480957, 0.5357428193092346, 0.5315869450569153, 0.5288370847702026, 0.5223628878593445, 0.5195715427398682], "val_accuracy": [0.0388958603143692, 0.03722291812300682, 0.01982434093952179, 0.024257631972432137, 0.03739021345973015, 0.056545376777648926, 0.06340443342924118, 0.06842325627803802, 0.08983688801527023, 0.10238394141197205, 0.1469677984714508, 0.18151400983333588, 0.24190714955329895, 0.28799664974212646, 0.33090758323669434, 0.35608533024787903, 0.3864491879940033, 0.39723965525627136, 0.4588874876499176, 0.46323713660240173, 0.4890004098415375, 0.5145127773284912, 0.541447103023529, 0.5456294417381287, 0.5616060495376587, 0.26825594902038574, 0.18360517919063568, 0.08255960047245026, 0.6255123615264893, 0.6431618332862854, 0.10882475972175598, 0.2047678828239441, 0.6477624177932739, 0.4710163176059723, 0.7093266248703003, 0.7228774428367615, 0.1038895845413208, 0.2650773823261261, 0.22835633158683777, 0.5340024828910828, 0.4516938626766205, 0.7768297791481018, 0.7815976738929749, 0.7891258597373962, 0.8010037541389465, 0.4398159682750702, 0.5963195562362671, 0.43621915578842163, 0.3673776686191559, 0.2792973518371582, 0.48088666796684265, 0.5728983879089355, 0.4844834804534912, 0.7534086108207703, 0.795148491859436], "val_loss": [3.9541244506835938, 3.9844770431518555, 3.8412399291992188, 3.793365955352783, 3.791921854019165, 3.750185966491699, 3.7097418308258057, 3.6495842933654785, 3.54719614982605, 3.457162380218506, 3.219280958175659, 3.0241007804870605, 2.7036287784576416, 2.4518234729766846, 2.2131800651550293, 2.099296808242798, 1.9703515768051147, 1.9489035606384277, 1.7083029747009277, 1.6449990272521973, 1.5640619993209839, 1.4891433715820312, 1.412736415863037, 1.3848004341125488, 1.3266035318374634, 4.616138935089111, 52.03456115722656, 679.7020874023438, 1.1121398210525513, 1.0469292402267456, 180.9878692626953, 38.8077278137207, 1.008254885673523, 1.8404138088226318, 0.8384784460067749, 0.7957420945167542, 667.4207153320312, 17.583999633789062, 65.35540771484375, 1.6660865545272827, 2.0967392921447754, 0.6273340582847595, 0.607708215713501, 0.58800208568573, 0.5553074479103088, 2.216067314147949, 1.44399094581604, 2.4616494178771973, 4.74977445602417, 18.28568458557129, 2.0398905277252197, 1.5708158016204834, 2.037945032119751, 0.7304317355155945, 0.5660792589187622], "learning_rate": [9.999999747378752e-06, 9.999999747378752e-06, 9.999999747378752e-06, 9.999999747378752e-06, 9.999999747378752e-06, 9.999999747378752e-06, 9.999999747378752e-06, 9.999999747378752e-06, 9.999999747378752e-06, 9.999999747378752e-06, 9.999999747378752e-06, 9.999999747378752e-06, 9.999999747378752e-06, 9.999999747378752e-06, 9.999999747378752e-06, 9.999999747378752e-06, 9.999999747378752e-06, 9.999999747378752e-06, 9.999999747378752e-06, 9.999999747378752e-06, 9.999999747378752e-06, 9.999999747378752e-06, 9.999999747378752e-06, 9.999999747378752e-06, 9.999999747378752e-06, 9.999999747378752e-06, 9.999999747378752e-06, 9.999999747378752e-06, 9.999999747378752e-06, 9.999999747378752e-06, 9.999999747378752e-06, 9.999999747378752e-06, 9.999999747378752e-06, 9.999999747378752e-06, 9.999999747378752e-06, 9.999999747378752e-06, 9.999999747378752e-06, 9.999999747378752e-06, 9.999999747378752e-06, 9.999999747378752e-06, 9.999999747378752e-06, 4.999999873689376e-06, 4.999999873689376e-06, 4.999999873689376e-06, 4.999999873689376e-06, 4.999999873689376e-06, 4.999999873689376e-06, 4.999999873689376e-06, 4.999999873689376e-06, 4.999999873689376e-06, 2.499999936844688e-06, 2.499999936844688e-06, 2.499999936844688e-06, 2.499999936844688e-06, 2.499999936844688e-06]}