{"accuracy": [0.22209718823432922, 0.48350799083709717, 0.6136859059333801, 0.6969547867774963, 0.747520923614502, 0.785920262336731, 0.8093396425247192, 0.8336029052734375, 0.8327589631080627, 0.856178343296051, 0.8628595471382141, 0.8734791278839111, 0.8867008686065674, 0.8925381302833557, 0.8978831171989441, 0.908713698387146, 0.9069554805755615, 0.9163795113563538, 0.9298825263977051, 0.9212321639060974, 0.9286166429519653, 0.9332582950592041, 0.944018542766571, 0.9725015759468079, 0.9830508232116699, 0.9767916202545166, 0.9773542284965515, 0.9783388376235962, 0.9800970554351807, 0.9775652289390564, 0.9886771440505981, 0.993107795715332, 0.9941627383232117, 0.9947956800460815, 0.993107795715332, 0.9928968548774719, 0.992756187915802, 0.9969055652618408, 0.9973978400230408, 0.9988747239112854, 0.9978198409080505, 0.9980307817459106], "loss": [2.5923376083374023, 1.4644191265106201, 1.0660877227783203, 0.8424797654151917, 0.7015265822410583, 0.6020772457122803, 0.5384994745254517, 0.47189342975616455, 0.47012966871261597, 0.4146290421485901, 0.38730815052986145, 0.3630339205265045, 0.3309689164161682, 0.3150741159915924, 0.2974684238433838, 0.2781226933002472, 0.27643948793411255, 0.23872460424900055, 0.2120475322008133, 0.22329843044281006, 0.21800358593463898, 0.2016652524471283, 0.17186763882637024, 0.08505850285291672, 0.060881391167640686, 0.07020214945077896, 0.07615864276885986, 0.06434907764196396, 0.06046459078788757, 0.06737535446882248, 0.03594208508729935, 0.02313539758324623, 0.020888129249215126, 0.01645098254084587, 0.020338013768196106, 0.026086222380399704, 0.02285727486014366, 0.010848267003893852, 0.00882868841290474, 0.005442698486149311, 0.007805262692272663, 0.00734736816957593], "val_accuracy": [0.2946884036064148, 0.28381431102752686, 0.5251359343528748, 0.46900877356529236, 0.6542869210243225, 0.7421998977661133, 0.7498117685317993, 0.6874947547912598, 0.5934755206108093, 0.550731897354126, 0.8256796598434448, 0.7392722964286804, 0.8412379622459412, 0.8767043352127075, 0.7873693108558655, 0.5291509628295898, 0.8515265583992004, 0.892179012298584, 0.7965704798698425, 0.851275622844696, 0.8394814133644104, 0.88381427526474, 0.8655792474746704, 0.9371811151504517, 0.9352571964263916, 0.8925135731697083, 0.9003764390945435, 0.9115014672279358, 0.9344207644462585, 0.9148473739624023, 0.9403597116470337, 0.9548305869102478, 0.9519866108894348, 0.9574236869812012, 0.9459640383720398, 0.9450439214706421, 0.9452948570251465, 0.9580091834068298, 0.9573400020599365, 0.9601003527641296, 0.9596821665763855, 0.9574236869812012], "val_loss": [2.097242832183838, 3.1424763202667236, 1.5540578365325928, 1.7268955707550049, 1.1150439977645874, 0.7077284455299377, 0.6641215682029724, 1.0399200916290283, 1.6892508268356323, 1.5602755546569824, 0.5250281691551208, 0.813962996006012, 0.4420003592967987, 0.3459613621234894, 0.6930503845214844, 2.0955119132995605, 0.4273824691772461, 0.32110846042633057, 0.687237560749054, 0.47570931911468506, 0.4858812689781189, 0.3713901937007904, 0.43676838278770447, 0.20903295278549194, 0.20862606167793274, 0.3993742763996124, 0.3987337648868561, 0.3231961727142334, 0.23838822543621063, 0.31672313809394836, 0.22054113447666168, 0.16885150969028473, 0.18515609204769135, 0.17377202212810516, 0.22422365844249725, 0.2334546148777008, 0.22549767792224884, 0.18971775472164154, 0.18504275381565094, 0.18289774656295776, 0.1823539286851883, 0.20230577886104584], "learning_rate": [0.0010000000474974513, 0.0010000000474974513, 0.0010000000474974513, 0.0010000000474974513, 0.0010000000474974513, 0.0010000000474974513, 0.0010000000474974513, 0.0010000000474974513, 0.0010000000474974513, 0.0010000000474974513, 0.0010000000474974513, 0.0010000000474974513, 0.0010000000474974513, 0.0010000000474974513, 0.0010000000474974513, 0.0010000000474974513, 0.0010000000474974513, 0.0010000000474974513, 0.0010000000474974513, 0.0010000000474974513, 0.0010000000474974513, 0.0010000000474974513, 0.0010000000474974513, 0.0005000000237487257, 0.0005000000237487257, 0.0005000000237487257, 0.0005000000237487257, 0.0005000000237487257, 0.0005000000237487257, 0.0005000000237487257, 0.0002500000118743628, 0.0002500000118743628, 0.0002500000118743628, 0.0002500000118743628, 0.0002500000118743628, 0.0002500000118743628, 0.0002500000118743628, 0.0001250000059371814, 0.0001250000059371814, 0.0001250000059371814, 0.0001250000059371814, 0.0001250000059371814]}