{"loss": [2.9339242666295346, 1.6206059621451685, 0.894766292539157, 0.5099648165043853, 0.31776248432637705, 0.20639955081117414, 0.1685817478228172, 0.13855792389312402, 0.10711666309399245, 0.08345624703681538, 0.07743547673097634, 0.0647405174793561, 0.06939810058580806, 0.06335389576430511, 0.05006094225266076, 0.04885802839856014, 0.04283851770221311, 0.050842055195748775, 0.03713018776752237, 0.04753899634328772, 0.022642661669672822, 0.012309348931666683, 0.009686802770651374, 0.008705122536058117, 0.009115078291447762, 0.008554736691343608, 0.015458703463214223, 0.009591461155948462, 0.01878096870551407, 0.006149965625619686, 0.005106549282133898, 0.004574940005199826, 0.0028415932351170113, 0.004039450361394636, 0.005040518573948193, 0.0032356494952657903, 0.002344901672251299, 0.0019108425704809499, 0.0016152202523092012, 0.0017614973343440341, 0.0017310879581979713, 0.0014962892421516727], "accuracy": [0.28686968141219493, 0.6273296293691539, 0.8065968070891061, 0.8954216189605457, 0.9319924045291511, 0.9568183416555314, 0.960756733947535, 0.9689851607004712, 0.9749630775722624, 0.9812926366129826, 0.9810816513116253, 0.9853013573387721, 0.9825585484211267, 0.9842464308319854, 0.9884661368591321, 0.9884661368591321, 0.9893804064983472, 0.9873408819185596, 0.9919825585484211, 0.9877628525212744, 0.9945143821647092, 0.997749490118855, 0.9986637597580702, 0.9986637597580702, 0.9983121175891413, 0.9987340881918559, 0.9969055489134256, 0.9980308038539981, 0.9954286518039244, 0.9991560587945706, 0.9991560587945706, 0.9995077009634995, 0.9996483578310711, 0.9994373725297138, 0.999367044095928, 0.9996483578310711, 0.9997186862648568, 0.9997890146986427, 0.9999296715662143, 0.9997890146986427, 0.9998593431324284, 0.9998593431324284], "val_loss": [2.193091367219393, 1.129072949812533, 0.5563813234238084, 0.3985466870651839, 0.3428633540550918, 0.2967413267300673, 0.3102139585929179, 0.26215380101816416, 0.34105901365958713, 0.26690572927024686, 0.26740799791797754, 0.3405153937609761, 0.3330136933775688, 0.25624820202938037, 0.2748083992842125, 0.2989705050147179, 0.26600013165592534, 0.2949199506997967, 0.36578565310912353, 0.342632024188221, 0.24770765588498067, 0.23735410811024416, 0.22587411167669344, 0.2703587333284282, 0.2602938176607505, 0.2964129146627526, 0.26107713206719163, 0.26065180439921504, 0.27668747016318834, 0.24259053858946786, 0.24168162131801327, 0.229667950578562, 0.2526135326476202, 0.24577894689170904, 0.25788711143790194, 0.24887375072916929, 0.26104861965971843, 0.26397360479352294, 0.2515443877763684, 0.26386803963193567, 0.2649328897433508, 0.26451590856271284], "val_accuracy": [0.4695943120033459, 0.7308239230447512, 0.851693851944793, 0.8814721873693016, 0.8930154746967796, 0.909995817649519, 0.9071518193224593, 0.9227938101212881, 0.9109159347553325, 0.9302383939774153, 0.9277289836888332, 0.9141781681304894, 0.9192806357172731, 0.9384358009201171, 0.9337515683814304, 0.9311585110832288, 0.9360936846507737, 0.9323295692179004, 0.9226265161020494, 0.9181932245922209, 0.9418653283145128, 0.9503136762860728, 0.9515683814303638, 0.9436219155165203, 0.9487243831033041, 0.9437055625261397, 0.9479715600167294, 0.9488916771225429, 0.9452948557089084, 0.9514847344207444, 0.9530740276035132, 0.9554161438728566, 0.9533249686323714, 0.952823086574655, 0.9520702634880803, 0.9524884985361773, 0.9515683814303638, 0.9520702634880803, 0.9543287327478043, 0.953659556670849, 0.9539941447093266, 0.9529903805938937]}