{"accuracy": [0.21309515833854675, 0.5077009797096252, 0.6873900890350342, 0.7798720002174377, 0.8337435722351074, 0.8662353157997131, 0.8906393051147461, 0.8993600010871887, 0.9105422496795654, 0.9260144829750061, 0.9372670650482178, 0.9354385137557983, 0.940642774105072, 0.9511920809745789, 0.9522469639778137, 0.9792531132698059, 0.9853717088699341, 0.9892397522926331, 0.9879738092422485, 0.9869892597198486, 0.9855123162269592, 0.9953583478927612, 0.9976088404655457, 0.9963428974151611, 0.9977495074272156, 0.9964132308959961, 0.996553897857666, 0.9985231161117554, 0.9991560578346252, 0.9993670582771301, 0.9993670582771301, 0.9996483325958252], "loss": [2.4214742183685303, 1.3106927871704102, 0.8252549767494202, 0.6056910753250122, 0.46343672275543213, 0.3969077169895172, 0.3223377764225006, 0.29502740502357483, 0.2671668529510498, 0.2381644994020462, 0.2015036791563034, 0.19854982197284698, 0.18648792803287506, 0.15900170803070068, 0.15817996859550476, 0.07297378778457642, 0.04580504447221756, 0.03629734739661217, 0.04165074974298477, 0.04367100074887276, 0.049881450831890106, 0.017244819551706314, 0.007569160312414169, 0.014999337494373322, 0.007024493534117937, 0.014567267149686813, 0.015759358182549477, 0.006105284672230482, 0.0029502816032618284, 0.002977012889459729, 0.002346182009205222, 0.0026117651723325253], "val_accuracy": [0.05010455846786499, 0.54111248254776, 0.7114177942276001, 0.7352572083473206, 0.7801756858825684, 0.7439565062522888, 0.8603931665420532, 0.8069427013397217, 0.8273525834083557, 0.8751150369644165, 0.7996653914451599, 0.8454203009605408, 0.8015056252479553, 0.8819740414619446, 0.8173986077308655, 0.9313257932662964, 0.9296528697013855, 0.92982017993927, 0.9221246242523193, 0.9052279591560364, 0.902969479560852, 0.9404433369636536, 0.9439564943313599, 0.9450439214706421, 0.9427854418754578, 0.9351735711097717, 0.9283981323242188, 0.9412798285484314, 0.9468841552734375, 0.9508155584335327, 0.9485570788383484, 0.9519866108894348], "val_loss": [12.303744316101074, 1.4933668375015259, 0.7947717308998108, 0.7432441711425781, 0.7308757901191711, 0.8082926273345947, 0.4593692421913147, 0.6325020790100098, 0.528548002243042, 0.38352465629577637, 0.6862246990203857, 0.48034241795539856, 0.8393822312355042, 0.4389238655567169, 0.6376588940620422, 0.24843347072601318, 0.2784360647201538, 0.3075645864009857, 0.2971840500831604, 0.40825241804122925, 0.381814181804657, 0.24698856472969055, 0.2564048767089844, 0.254059374332428, 0.3066460192203522, 0.2987399101257324, 0.3509538471698761, 0.27627235651016235, 0.2674546241760254, 0.2605288028717041, 0.27610841393470764, 0.26591816544532776], "learning_rate": [0.0010000000474974513, 0.0010000000474974513, 0.0010000000474974513, 0.0010000000474974513, 0.0010000000474974513, 0.0010000000474974513, 0.0010000000474974513, 0.0010000000474974513, 0.0010000000474974513, 0.0010000000474974513, 0.0010000000474974513, 0.0010000000474974513, 0.0010000000474974513, 0.0010000000474974513, 0.0010000000474974513, 0.0005000000237487257, 0.0005000000237487257, 0.0005000000237487257, 0.0005000000237487257, 0.0005000000237487257, 0.0005000000237487257, 0.0002500000118743628, 0.0002500000118743628, 0.0002500000118743628, 0.0002500000118743628, 0.0002500000118743628, 0.0002500000118743628, 0.0001250000059371814, 0.0001250000059371814, 0.0001250000059371814, 0.0001250000059371814, 0.0001250000059371814]}