{"accuracy": [0.09311484545469284, 0.30156832933425903, 0.47647514939308167, 0.5792250037193298, 0.6579928398132324, 0.7138336300849915, 0.7542724609375, 0.7905619144439697, 0.821295440196991, 0.8331809639930725, 0.8488641977310181, 0.8586398363113403, 0.8686968088150024, 0.8823405504226685, 0.8867008686065674, 0.8888810873031616, 0.9016808271408081, 0.9071664810180664, 0.9163795113563538, 0.9229903817176819, 0.9274913668632507, 0.9352275133132935, 0.9366340637207031, 0.9442295432090759, 0.94704270362854, 0.9486602544784546, 0.9492931962013245, 0.9537239074707031, 0.9574512839317322, 0.9632182121276855, 0.9653984308242798, 0.9695478081703186, 0.9709543585777283, 0.9730641841888428, 0.9741894602775574, 0.975314736366272, 0.9769322872161865, 0.9803783893585205, 0.9816442728042603, 0.982136607170105, 0.9841057658195496, 0.9855826497077942, 0.9835431575775146, 0.9895914196968079, 0.9891694188117981, 0.989661693572998, 0.9895914196968079, 0.9890287518501282, 0.9907869696617126, 0.9909276366233826, 0.9912089705467224, 0.9909276366233826, 0.992826521396637, 0.9921231865882874, 0.9916309118270874, 0.9940924048423767, 0.9959209561347961, 0.9939517378807068, 0.9937407970428467, 0.9938110709190369, 0.9945144057273865, 0.9942330718040466, 0.9938814043998718, 0.9945847392082214, 0.9940220713615417, 0.9951473474502563, 0.9940924048423767, 0.9936001300811768, 0.9953583478927612], "loss": [3.512178897857666, 2.6206204891204834, 1.8489676713943481, 1.3926156759262085, 1.1063982248306274, 0.9022135138511658, 0.7635244727134705, 0.6491497159004211, 0.5622073411941528, 0.5233272910118103, 0.48243051767349243, 0.4519280195236206, 0.4151332676410675, 0.38849443197250366, 0.3677741587162018, 0.34815287590026855, 0.3192290663719177, 0.30546465516090393, 0.2786100506782532, 0.2630710303783417, 0.24823950231075287, 0.23170584440231323, 0.21998116374015808, 0.20216944813728333, 0.1890396922826767, 0.18040713667869568, 0.17550060153007507, 0.16327829658985138, 0.15228140354156494, 0.13863827288150787, 0.13469567894935608, 0.12359125167131424, 0.1190849021077156, 0.11198968440294266, 0.10385235399007797, 0.09932093322277069, 0.09494093060493469, 0.0870114415884018, 0.08452469110488892, 0.07690468430519104, 0.07234299927949905, 0.0678916797041893, 0.07050022482872009, 0.05779995769262314, 0.05570673942565918, 0.05286291986703873, 0.05238407477736473, 0.05335889011621475, 0.048104677349328995, 0.049347423017024994, 0.04577573016285896, 0.04580230638384819, 0.04229651018977165, 0.042570263147354126, 0.04232128709554672, 0.03734314814209938, 0.03524448350071907, 0.03576304763555527, 0.036456696689128876, 0.03553842753171921, 0.0346127413213253, 0.03478017821907997, 0.035545483231544495, 0.03467928618192673, 0.03411797061562538, 0.03234320133924484, 0.03363855555653572, 0.03345760703086853, 0.031457073986530304], "val_accuracy": [0.04048515111207962, 0.03479715436697006, 0.04516938701272011, 0.0498536191880703, 0.0454203262925148, 0.057381849735975266, 0.062484316527843475, 0.08122124522924423, 0.11417816579341888, 0.15784190595149994, 0.22350481152534485, 0.29427018761634827, 0.4148891568183899, 0.5463822484016418, 0.6235884428024292, 0.6079464554786682, 0.6812212467193604, 0.5984943509101868, 0.5724801421165466, 0.5454621315002441, 0.7662066221237183, 0.7201170921325684, 0.5780844688415527, 0.7743203639984131, 0.7590129375457764, 0.7449602484703064, 0.7758260369300842, 0.8331242203712463, 0.8346298336982727, 0.6792973875999451, 0.7206189632415771, 0.8455039858818054, 0.8495190143585205, 0.4008364677429199, 0.48531994223594666, 0.5329151153564453, 0.6293600797653198, 0.8592220544815063, 0.8618151545524597, 0.8450857400894165, 0.7782517671585083, 0.6066917777061462, 0.7174404263496399, 0.7657047510147095, 0.8116269111633301, 0.7153491973876953, 0.8670849204063416, 0.8690087795257568, 0.8641572594642639, 0.8694270253181458, 0.8670849204063416, 0.801171064376831, 0.8671685457229614, 0.8690087795257568, 0.8626515865325928, 0.8503555059432983, 0.8659974932670593, 0.8699288964271545, 0.8737766742706299, 0.8674194812774658, 0.8633207678794861, 0.8734420537948608, 0.8741112351417542, 0.8702635169029236, 0.8735257387161255, 0.868925154209137, 0.8675031661987305, 0.870514452457428, 0.8664157390594482], "val_loss": [3.745540142059326, 3.7162563800811768, 3.7001163959503174, 3.7471253871917725, 3.8226699829101562, 3.8942086696624756, 3.9771780967712402, 3.837632656097412, 3.512542486190796, 3.1783556938171387, 2.825730323791504, 2.3710973262786865, 1.8229402303695679, 1.3490701913833618, 1.0739433765411377, 1.1798193454742432, 0.9414574503898621, 1.3196959495544434, 1.5213768482208252, 1.7127517461776733, 0.6791921257972717, 0.8815036416053772, 1.6991866827011108, 0.6587733626365662, 0.729444146156311, 0.7964695692062378, 0.6766558289527893, 0.47617608308792114, 0.46451929211616516, 1.2256735563278198, 0.9814797639846802, 0.43281134963035583, 0.4195004403591156, 6.421937942504883, 2.7545599937438965, 2.5535879135131836, 1.6591720581054688, 0.4019920527935028, 0.39699727296829224, 0.45700839161872864, 0.7237672805786133, 1.9518415927886963, 1.1345990896224976, 0.8246723413467407, 0.5929278135299683, 1.132230281829834, 0.39804813265800476, 0.39143869280815125, 0.3998761773109436, 0.38771572709083557, 0.3944598436355591, 0.6550022959709167, 0.39864566922187805, 0.39468756318092346, 0.4239378571510315, 0.45919254422187805, 0.4081569015979767, 0.3944229781627655, 0.3860994875431061, 0.40431395173072815, 0.42096930742263794, 0.3894658386707306, 0.3889501690864563, 0.398826539516449, 0.39329880475997925, 0.40462377667427063, 0.41260209679603577, 0.3922244608402252, 0.4143577218055725], "learning_rate": [9.999999747378752e-06, 9.999999747378752e-06, 9.999999747378752e-06, 9.999999747378752e-06, 9.999999747378752e-06, 9.999999747378752e-06, 9.999999747378752e-06, 9.999999747378752e-06, 4.999999873689376e-06, 4.999999873689376e-06, 4.999999873689376e-06, 4.999999873689376e-06, 4.999999873689376e-06, 4.999999873689376e-06, 4.999999873689376e-06, 4.999999873689376e-06, 4.999999873689376e-06, 4.999999873689376e-06, 4.999999873689376e-06, 4.999999873689376e-06, 4.999999873689376e-06, 4.999999873689376e-06, 4.999999873689376e-06, 4.999999873689376e-06, 4.999999873689376e-06, 4.999999873689376e-06, 4.999999873689376e-06, 4.999999873689376e-06, 4.999999873689376e-06, 4.999999873689376e-06, 4.999999873689376e-06, 4.999999873689376e-06, 4.999999873689376e-06, 4.999999873689376e-06, 4.999999873689376e-06, 4.999999873689376e-06, 4.999999873689376e-06, 4.999999873689376e-06, 4.999999873689376e-06, 4.999999873689376e-06, 4.999999873689376e-06, 4.999999873689376e-06, 4.999999873689376e-06, 4.999999873689376e-06, 2.499999936844688e-06, 2.499999936844688e-06, 2.499999936844688e-06, 2.499999936844688e-06, 2.499999936844688e-06, 2.499999936844688e-06, 2.499999936844688e-06, 2.499999936844688e-06, 2.499999936844688e-06, 2.499999936844688e-06, 2.499999936844688e-06, 1.249999968422344e-06, 1.249999968422344e-06, 1.249999968422344e-06, 1.249999968422344e-06, 1.249999968422344e-06, 1.249999968422344e-06, 1.249999968422344e-06, 1.249999968422344e-06, 1.249999968422344e-06, 6.24999984211172e-07, 6.24999984211172e-07, 6.24999984211172e-07, 6.24999984211172e-07, 6.24999984211172e-07]}