{"accuracy": [0.20324917137622833, 0.44553062319755554, 0.6074970364570618, 0.6941416263580322, 0.7428792715072632, 0.7817005515098572, 0.8027287721633911, 0.8125044107437134, 0.84211266040802, 0.8495674729347229, 0.8611716628074646, 0.8713693022727966, 0.8826921582221985, 0.8924677968025208, 0.8888810873031616, 0.9002039432525635, 0.9028061032295227, 0.9130740761756897, 0.9275617003440857, 0.918911337852478, 0.9627259373664856, 0.9693368077278137, 0.971938967704773, 0.9694774746894836, 0.9703214168548584, 0.9765806198120117, 0.9715873003005981, 0.9770729541778564, 0.9708840250968933, 0.9732751846313477, 0.9867079257965088, 0.993107795715332, 0.9933891296386719, 0.9938110709190369, 0.9941627383232117, 0.9941627383232117, 0.9895914196968079, 0.9954989552497864, 0.9974681735038757, 0.9975385069847107, 0.9971868395805359, 0.9971868395805359], "loss": [2.711045503616333, 1.5847549438476562, 1.0895360708236694, 0.8458064198493958, 0.7138689160346985, 0.5991145372390747, 0.5490803718566895, 0.5267786979675293, 0.45223623514175415, 0.4326099157333374, 0.40120047330856323, 0.3671189844608307, 0.3393194079399109, 0.3173060417175293, 0.3219182789325714, 0.2921670377254486, 0.27874332666397095, 0.25534382462501526, 0.22154854238033295, 0.24579845368862152, 0.11328141391277313, 0.0929364338517189, 0.08788032829761505, 0.09569177031517029, 0.08799533545970917, 0.07145336270332336, 0.09033866971731186, 0.07659446448087692, 0.08799336105585098, 0.08875595778226852, 0.03922110050916672, 0.023840758949518204, 0.0234011709690094, 0.02180454693734646, 0.02095973864197731, 0.02075408771634102, 0.0369386151432991, 0.015365242958068848, 0.009235000237822533, 0.007913215085864067, 0.008228722028434277, 0.011062306351959705], "val_accuracy": [0.18444165587425232, 0.29477205872535706, 0.49552488327026367, 0.7396068572998047, 0.5913843512535095, 0.7677959203720093, 0.7608531713485718, 0.670096218585968, 0.7964868545532227, 0.739941418170929, 0.6023421287536621, 0.837641179561615, 0.810455858707428, 0.7534922361373901, 0.8795483112335205, 0.8035131692886353, 0.8234211802482605, 0.85771644115448, 0.8657465577125549, 0.8635717034339905, 0.9203680753707886, 0.9254705309867859, 0.9262233376502991, 0.9164366126060486, 0.9356754422187805, 0.935842752456665, 0.8900041580200195, 0.9109159111976624, 0.8983688950538635, 0.9167712330818176, 0.9457131028175354, 0.9508155584335327, 0.9424508810043335, 0.9538268446922302, 0.9482225179672241, 0.9452112317085266, 0.9403597116470337, 0.9532413482666016, 0.9573400020599365, 0.9536595344543457, 0.9455457925796509, 0.9549978971481323], "val_loss": [2.741445779800415, 3.056954860687256, 1.5373072624206543, 0.6885056495666504, 1.1899341344833374, 0.6116936206817627, 0.6470786929130554, 1.018764853477478, 0.5780661702156067, 0.7943843603134155, 1.3268356323242188, 0.47375422716140747, 0.582141101360321, 0.7636273503303528, 0.34756559133529663, 0.6647988557815552, 0.5495551228523254, 0.4283384084701538, 0.4359224736690521, 0.40792223811149597, 0.2353125363588333, 0.24815243482589722, 0.2472984790802002, 0.280565470457077, 0.2169649451971054, 0.2409360408782959, 0.41535887122154236, 0.3107951283454895, 0.41736844182014465, 0.3162330389022827, 0.21192525327205658, 0.19062674045562744, 0.21601125597953796, 0.19367186725139618, 0.22584693133831024, 0.23405176401138306, 0.24658405780792236, 0.20314519107341766, 0.19114470481872559, 0.216278538107872, 0.25836390256881714, 0.20410913228988647], "learning_rate": [0.0010000000474974513, 0.0010000000474974513, 0.0010000000474974513, 0.0010000000474974513, 0.0010000000474974513, 0.0010000000474974513, 0.0010000000474974513, 0.0010000000474974513, 0.0010000000474974513, 0.0010000000474974513, 0.0010000000474974513, 0.0010000000474974513, 0.0010000000474974513, 0.0010000000474974513, 0.0010000000474974513, 0.0010000000474974513, 0.0010000000474974513, 0.0010000000474974513, 0.0010000000474974513, 0.0010000000474974513, 0.0005000000237487257, 0.0005000000237487257, 0.0005000000237487257, 0.0005000000237487257, 0.0005000000237487257, 0.0005000000237487257, 0.0005000000237487257, 0.0005000000237487257, 0.0005000000237487257, 0.0005000000237487257, 0.0002500000118743628, 0.0002500000118743628, 0.0002500000118743628, 0.0002500000118743628, 0.0002500000118743628, 0.0002500000118743628, 0.0002500000118743628, 0.0001250000059371814, 0.0001250000059371814, 0.0001250000059371814, 0.0001250000059371814, 0.0001250000059371814]}