{"accuracy": [0.13031858205795288, 0.34587523341178894, 0.5149447917938232, 0.6412546634674072, 0.7255784273147583, 0.7842323780059814, 0.8372600078582764, 0.8691188097000122, 0.8914129137992859, 0.9118784666061401, 0.9286869764328003, 0.9421197175979614, 0.9539348483085632, 0.9613193869590759, 0.9686335325241089, 0.9758773446083069, 0.9759476780891418, 0.9798860549926758, 0.986426591873169, 0.9938110709190369, 0.9954989552497864, 0.9963428974151611, 0.9960616230964661, 0.9954989552497864, 0.9976791739463806, 0.9987341165542603, 0.9990153908729553, 0.9994373917579651], "loss": [3.333266496658325, 2.111508846282959, 1.3711236715316772, 0.9517615437507629, 0.7060785889625549, 0.5414328575134277, 0.417596697807312, 0.3364676833152771, 0.27835774421691895, 0.2259177267551422, 0.18527285754680634, 0.15274256467819214, 0.12900929152965546, 0.1093609631061554, 0.08614608645439148, 0.06992602348327637, 0.06734205782413483, 0.05750996619462967, 0.04471263661980629, 0.024815170094370842, 0.020237915217876434, 0.017600761726498604, 0.017139501869678497, 0.017668262124061584, 0.013091721571981907, 0.009045986458659172, 0.0075560323894023895, 0.006658011116087437], "val_accuracy": [0.1626097857952118, 0.3465495705604553, 0.5140108466148376, 0.5937264561653137, 0.6795483231544495, 0.7400251030921936, 0.7565872073173523, 0.7792555689811707, 0.8062735199928284, 0.8298619985580444, 0.8375574946403503, 0.8426599502563477, 0.8388122320175171, 0.8557925820350647, 0.8611459732055664, 0.8757005333900452, 0.8567126989364624, 0.8606441020965576, 0.8702635169029236, 0.8866583108901978, 0.8895859718322754, 0.8874111175537109, 0.889000415802002, 0.8670849204063416, 0.8900041580200195, 0.893433690071106, 0.8940192461013794, 0.8943538069725037], "val_loss": [3.1626436710357666, 2.166151762008667, 1.5381951332092285, 1.2188524007797241, 0.9490959644317627, 0.7613452076911926, 0.6816720962524414, 0.6284283995628357, 0.5418960452079773, 0.4745621681213379, 0.44795894622802734, 0.4390072524547577, 0.46660780906677246, 0.4113371968269348, 0.3913724720478058, 0.3614600598812103, 0.42715024948120117, 0.4296577572822571, 0.40982112288475037, 0.34685638546943665, 0.34428468346595764, 0.354065865278244, 0.35685375332832336, 0.46035036444664, 0.3518702983856201, 0.34908461570739746, 0.35229068994522095, 0.3484823405742645], "learning_rate": [9.999999747378752e-06, 9.999999747378752e-06, 9.999999747378752e-06, 9.999999747378752e-06, 9.999999747378752e-06, 9.999999747378752e-06, 9.999999747378752e-06, 9.999999747378752e-06, 9.999999747378752e-06, 9.999999747378752e-06, 9.999999747378752e-06, 9.999999747378752e-06, 9.999999747378752e-06, 9.999999747378752e-06, 9.999999747378752e-06, 9.999999747378752e-06, 9.999999747378752e-06, 9.999999747378752e-06, 9.999999747378752e-06, 4.999999873689376e-06, 4.999999873689376e-06, 4.999999873689376e-06, 4.999999873689376e-06, 4.999999873689376e-06, 2.499999936844688e-06, 2.499999936844688e-06, 2.499999936844688e-06, 1.249999968422344e-06]}