{"accuracy": [0.2999507784843445, 0.5799986124038696, 0.7162951231002808, 0.7913355231285095, 0.8366973996162415, 0.8684154748916626, 0.8898656964302063, 0.9075180888175964, 0.9120191335678101, 0.926577091217041, 0.9312188029289246, 0.9446515440940857, 0.944018542766571, 0.9522469639778137, 0.9795344471931458, 0.9894507527351379, 0.9872002005577087, 0.9889584183692932, 0.9857936501502991, 0.9848793745040894, 0.9960616230964661, 0.9981714487075806, 0.9997186660766602, 0.9993670582771301, 0.9940924048423767, 0.996131956577301, 0.9988043904304504, 0.9997889995574951, 0.9997889995574951, 0.9992263913154602, 0.9988747239112854], "loss": [2.2012100219726562, 1.1559523344039917, 0.7662602066993713, 0.5686708688735962, 0.4620184600353241, 0.3729209303855896, 0.3135528862476349, 0.27181440591812134, 0.25356632471084595, 0.22206982970237732, 0.20266088843345642, 0.17133116722106934, 0.17789682745933533, 0.1525101214647293, 0.06311170011758804, 0.03496011719107628, 0.038139667361974716, 0.037952862679958344, 0.04828699305653572, 0.0499923974275589, 0.015509671531617641, 0.005840716417878866, 0.0020072299521416426, 0.002357120392844081, 0.019259721040725708, 0.012767634354531765, 0.00530399102717638, 0.0009780063992366195, 0.0007026627426967025, 0.002547750947996974, 0.003517673583701253], "val_accuracy": [0.04031785950064659, 0.21790045499801636, 0.6537850499153137, 0.7319949865341187, 0.7110832333564758, 0.6667503118515015, 0.7101631164550781, 0.8138853907585144, 0.8240903615951538, 0.795148491859436, 0.8341279625892639, 0.7615223526954651, 0.8317022323608398, 0.7850272059440613, 0.9017147421836853, 0.9089920520782471, 0.8568799495697021, 0.9012128710746765, 0.9086574912071228, 0.8807193636894226, 0.9283145070075989, 0.9332497119903564, 0.9372647404670715, 0.9060643911361694, 0.9158511161804199, 0.926641583442688, 0.9363446235656738, 0.9417816996574402, 0.9416980147361755, 0.9333333373069763, 0.9356754422187805], "val_loss": [4.289308071136475, 3.3106136322021484, 0.9986175298690796, 0.7765746712684631, 0.895969569683075, 1.0347375869750977, 0.8461176156997681, 0.6146969795227051, 0.5239646434783936, 0.6905784606933594, 0.5284410715103149, 0.8125501275062561, 0.5423970222473145, 0.7490997314453125, 0.3422088325023651, 0.35826632380485535, 0.5823596715927124, 0.4191325008869171, 0.36338010430336, 0.4372837245464325, 0.2818511128425598, 0.286636620759964, 0.28856655955314636, 0.4751133918762207, 0.37160223722457886, 0.3440544903278351, 0.30618560314178467, 0.2862057089805603, 0.30192670226097107, 0.3299631178379059, 0.3207777142524719], "learning_rate": [0.0010000000474974513, 0.0010000000474974513, 0.0010000000474974513, 0.0010000000474974513, 0.0010000000474974513, 0.0010000000474974513, 0.0010000000474974513, 0.0010000000474974513, 0.0010000000474974513, 0.0010000000474974513, 0.0010000000474974513, 0.0010000000474974513, 0.0010000000474974513, 0.0010000000474974513, 0.0005000000237487257, 0.0005000000237487257, 0.0005000000237487257, 0.0005000000237487257, 0.0005000000237487257, 0.0005000000237487257, 0.0002500000118743628, 0.0002500000118743628, 0.0002500000118743628, 0.0002500000118743628, 0.0002500000118743628, 0.0002500000118743628, 0.0001250000059371814, 0.0001250000059371814, 0.0001250000059371814, 0.0001250000059371814, 0.0001250000059371814]}