{"accuracy": [0.23989029228687286, 0.505450427532196, 0.6307054162025452, 0.7084886431694031, 0.7556790113449097, 0.7816302180290222, 0.8160911202430725, 0.8235459327697754, 0.8430269360542297, 0.8458400964736938, 0.8647584319114685, 0.9280540347099304, 0.9488009214401245, 0.9459174275398254, 0.9405021667480469, 0.9447921514511108, 0.9523876309394836, 0.957802951335907, 0.9573809504508972, 0.9535832405090332, 0.9574512839317322, 0.982136607170105, 0.9881848096847534, 0.9872002005577087, 0.9881144762039185, 0.9879035353660583, 0.9868485927581787, 0.9883254766464233, 0.9918419122695923, 0.9958506226539612, 0.9950770139694214, 0.9959209561347961, 0.9966945648193359, 0.9958506226539612, 0.9974681735038757, 0.9982417821884155, 0.9981714487075806, 0.9989450573921204, 0.9978198409080505, 0.9983121156692505], "loss": [2.516608238220215, 1.3745309114456177, 0.9971301555633545, 0.80049067735672, 0.6775563955307007, 0.5988693237304688, 0.516514241695404, 0.4931601881980896, 0.4430563151836395, 0.42448800802230835, 0.38363704085350037, 0.20531514286994934, 0.15312160551548004, 0.1560547947883606, 0.1751185655593872, 0.16235190629959106, 0.14423520863056183, 0.13063298165798187, 0.129510760307312, 0.1369783878326416, 0.1277853399515152, 0.05793105810880661, 0.038191039115190506, 0.04368646442890167, 0.04062091186642647, 0.03715619072318077, 0.03963097929954529, 0.038635242730379105, 0.02572125568985939, 0.015195735730230808, 0.016570791602134705, 0.012919201515614986, 0.010906747542321682, 0.013200719840824604, 0.009845705702900887, 0.007099753245711327, 0.007955431006848812, 0.005386922974139452, 0.0069715715944767, 0.006145333871245384], "val_accuracy": [0.30974486470222473, 0.5217064023017883, 0.417649507522583, 0.47084900736808777, 0.632455050945282, 0.7794228196144104, 0.7483897805213928, 0.7377666234970093, 0.7371810674667358, 0.6667503118515015, 0.7223755717277527, 0.8883312344551086, 0.8857381939888, 0.8770388960838318, 0.8764533400535583, 0.9163529872894287, 0.8693434000015259, 0.8980342745780945, 0.88774573802948, 0.8981179594993591, 0.8856545090675354, 0.9356754422187805, 0.9452948570251465, 0.9295692443847656, 0.9331660270690918, 0.9396068453788757, 0.9276453256607056, 0.9309075474739075, 0.9529067277908325, 0.9547469615936279, 0.954328715801239, 0.9549142718315125, 0.9496445059776306, 0.951150119304657, 0.9476369619369507, 0.9551652073860168, 0.9551652073860168, 0.9535759091377258, 0.9556670784950256, 0.9573400020599365], "val_loss": [2.2060437202453613, 1.398445725440979, 1.9409937858581543, 1.6361781358718872, 1.1500557661056519, 0.5904022455215454, 0.7383934259414673, 0.7440460324287415, 0.7857414484024048, 1.1121410131454468, 0.9168702960014343, 0.326781690120697, 0.34305107593536377, 0.3646191954612732, 0.3836880624294281, 0.24952754378318787, 0.42249470949172974, 0.33566907048225403, 0.3950999975204468, 0.3498213589191437, 0.4003942608833313, 0.21842341125011444, 0.19887675344944, 0.2538929879665375, 0.24905242025852203, 0.23550167679786682, 0.2943049371242523, 0.283328115940094, 0.19131343066692352, 0.18377164006233215, 0.19368866086006165, 0.1992950290441513, 0.22382359206676483, 0.20471085608005524, 0.23094306886196136, 0.20147711038589478, 0.2042275369167328, 0.21129785478115082, 0.20683282613754272, 0.2055075317621231], "learning_rate": [0.0010000000474974513, 0.0010000000474974513, 0.0010000000474974513, 0.0010000000474974513, 0.0010000000474974513, 0.0010000000474974513, 0.0010000000474974513, 0.0010000000474974513, 0.0010000000474974513, 0.0010000000474974513, 0.0010000000474974513, 0.0005000000237487257, 0.0005000000237487257, 0.0005000000237487257, 0.0005000000237487257, 0.0005000000237487257, 0.0005000000237487257, 0.0005000000237487257, 0.0005000000237487257, 0.0005000000237487257, 0.0005000000237487257, 0.0002500000118743628, 0.0002500000118743628, 0.0002500000118743628, 0.0002500000118743628, 0.0002500000118743628, 0.0002500000118743628, 0.0002500000118743628, 0.0001250000059371814, 0.0001250000059371814, 0.0001250000059371814, 0.0001250000059371814, 0.0001250000059371814, 0.0001250000059371814, 0.0001250000059371814, 6.25000029685907e-05, 6.25000029685907e-05, 6.25000029685907e-05, 6.25000029685907e-05, 6.25000029685907e-05]}