{"accuracy": [0.2561361491680145, 0.5091778635978699, 0.6502566933631897, 0.7151698470115662, 0.7606019973754883, 0.7886630296707153, 0.8200998902320862, 0.8343765139579773, 0.8414797186851501, 0.8611716628074646, 0.8763626217842102, 0.8779801726341248, 0.8897953629493713, 0.8954919576644897, 0.9038610458374023, 0.9064632058143616, 0.9186300039291382, 0.9196849465370178, 0.9286166429519653, 0.9317110776901245, 0.929530918598175, 0.9374780058860779, 0.9417680501937866, 0.9425416588783264, 0.9445108771324158, 0.9482382535934448, 0.950840413570404, 0.9551304578781128, 0.9530206322669983, 0.9541458487510681, 0.9803783893585205, 0.9866375923156738, 0.9874112010002136, 0.9867782592773438, 0.9866375923156738, 0.9864969253540039, 0.9926155209541321, 0.9968352317810059, 0.9955692887306213, 0.996553897857666, 0.9958506226539612, 0.9960616230964661, 0.9973978400230408, 0.9983824491500854, 0.9984527826309204, 0.9980307817459106, 0.9988043904304504], "loss": [2.4564075469970703, 1.3700635433197021, 0.9769093990325928, 0.794143795967102, 0.6665006875991821, 0.5840322971343994, 0.5116897225379944, 0.47378525137901306, 0.44568464159965515, 0.40801504254341125, 0.35326308012008667, 0.3524951636791229, 0.31431442499160767, 0.31238365173339844, 0.27552691102027893, 0.27783143520355225, 0.2440652847290039, 0.24368959665298462, 0.20814433693885803, 0.20910502970218658, 0.21363818645477295, 0.18926015496253967, 0.1803889125585556, 0.17233780026435852, 0.16785262525081635, 0.162971630692482, 0.1520446240901947, 0.13653911650180817, 0.1495513767004013, 0.14257729053497314, 0.06137368083000183, 0.044836245477199554, 0.043427903205156326, 0.04367644339799881, 0.04309941083192825, 0.04391385614871979, 0.025572072714567184, 0.011559301987290382, 0.012748523615300655, 0.010437448509037495, 0.01546716783195734, 0.013973947614431381, 0.009232772514224052, 0.006148406770080328, 0.005442190449684858, 0.006628687027841806, 0.005749465432018042], "val_accuracy": [0.38795483112335205, 0.4646591246128082, 0.4518611431121826, 0.6556252837181091, 0.5790882706642151, 0.7396068572998047, 0.7838561534881592, 0.6561271548271179, 0.812379777431488, 0.6836470365524292, 0.7594311833381653, 0.7697197794914246, 0.8254286646842957, 0.8299456238746643, 0.7594311833381653, 0.8062735199928284, 0.8071100115776062, 0.852530300617218, 0.8492680788040161, 0.8315349221229553, 0.8743621706962585, 0.8068590760231018, 0.8518611192703247, 0.804767906665802, 0.8894186615943909, 0.8959431052207947, 0.8758678436279297, 0.8823086619377136, 0.888582170009613, 0.8608113527297974, 0.936260998249054, 0.9406106472015381, 0.9377666115760803, 0.9391049742698669, 0.9389376640319824, 0.9291509985923767, 0.9514011144638062, 0.9446256756782532, 0.9508991837501526, 0.951150119304657, 0.9437891840934753, 0.9521539211273193, 0.9516520500183105, 0.9574236869812012, 0.9560853242874146, 0.9544960260391235, 0.9531576633453369], "val_loss": [1.8355568647384644, 1.6696573495864868, 1.8827625513076782, 1.0114578008651733, 1.2710542678833008, 0.714944064617157, 0.58632892370224, 1.0824912786483765, 0.5209241509437561, 0.9372872114181519, 0.87840336561203, 0.747031033039093, 0.48759180307388306, 0.514945387840271, 0.8171570897102356, 0.6437482237815857, 0.5744110345840454, 0.4576984643936157, 0.4796562194824219, 0.588141143321991, 0.41226089000701904, 0.663845956325531, 0.4752504825592041, 0.7050030827522278, 0.37028875946998596, 0.3772963583469391, 0.41243141889572144, 0.3839205503463745, 0.3778935372829437, 0.46347492933273315, 0.20966719090938568, 0.21756111085414886, 0.23416480422019958, 0.2357177883386612, 0.2282438576221466, 0.267017662525177, 0.19091996550559998, 0.2171018123626709, 0.1982397586107254, 0.22427807748317719, 0.2515494227409363, 0.21106374263763428, 0.2275911569595337, 0.19755768775939941, 0.20147864520549774, 0.2155619114637375, 0.2221345603466034], "learning_rate": [0.0010000000474974513, 0.0010000000474974513, 0.0010000000474974513, 0.0010000000474974513, 0.0010000000474974513, 0.0010000000474974513, 0.0010000000474974513, 0.0010000000474974513, 0.0010000000474974513, 0.0010000000474974513, 0.0010000000474974513, 0.0010000000474974513, 0.0010000000474974513, 0.0010000000474974513, 0.0010000000474974513, 0.0010000000474974513, 0.0010000000474974513, 0.0010000000474974513, 0.0010000000474974513, 0.0010000000474974513, 0.0010000000474974513, 0.0010000000474974513, 0.0010000000474974513, 0.0010000000474974513, 0.0010000000474974513, 0.0010000000474974513, 0.0010000000474974513, 0.0010000000474974513, 0.0010000000474974513, 0.0010000000474974513, 0.0005000000237487257, 0.0005000000237487257, 0.0005000000237487257, 0.0005000000237487257, 0.0005000000237487257, 0.0005000000237487257, 0.0002500000118743628, 0.0002500000118743628, 0.0002500000118743628, 0.0002500000118743628, 0.0002500000118743628, 0.0002500000118743628, 0.0001250000059371814, 0.0001250000059371814, 0.0001250000059371814, 0.0001250000059371814, 0.0001250000059371814]}