{"accuracy": [0.19642731547355652, 0.4403263330459595, 0.5779590606689453, 0.6619312167167664, 0.7180532813072205, 0.7606019973754883, 0.7821224927902222, 0.8031507134437561, 0.8220690488815308, 0.8398621678352356, 0.8556157350540161, 0.8711583018302917, 0.873760461807251, 0.8862085938453674, 0.8938040733337402, 0.9007665514945984, 0.9089950323104858, 0.9156762361526489, 0.9243969321250916, 0.9251705408096313, 0.9274210333824158, 0.9348758459091187, 0.9302341938018799, 0.9716576337814331, 0.9777762293815613, 0.9762993454933167, 0.9767916202545166, 0.9788311123847961, 0.9762993454933167, 0.982488214969635, 0.9809409976005554, 0.9922638535499573, 0.9944440722465515, 0.9943737387657166, 0.9933187961578369, 0.9943737387657166, 0.9923341870307922, 0.9964132308959961, 0.9974681735038757, 0.9976791739463806, 0.9984527826309204, 0.9985231161117554], "loss": [2.7015292644500732, 1.609763741493225, 1.1759240627288818, 0.9283635020256042, 0.7794796824455261, 0.6621806621551514, 0.5968348383903503, 0.5420047044754028, 0.49783623218536377, 0.44694942235946655, 0.4152730703353882, 0.375837504863739, 0.3568427264690399, 0.32834553718566895, 0.31169310212135315, 0.295429527759552, 0.27118054032325745, 0.2529922127723694, 0.23068925738334656, 0.2247181087732315, 0.22858312726020813, 0.1996617168188095, 0.2101982831954956, 0.09207739681005478, 0.06895497441291809, 0.0692308247089386, 0.07466349750757217, 0.06777213513851166, 0.0760064646601677, 0.05733242258429527, 0.06130034476518631, 0.027131209149956703, 0.01830717921257019, 0.017290176823735237, 0.020844263955950737, 0.018154870718717575, 0.029053475707769394, 0.01137066911906004, 0.008589810691773891, 0.007837081328034401, 0.00669565936550498, 0.005326905287802219], "val_accuracy": [0.2443329095840454, 0.23195315897464752, 0.46440818905830383, 0.44617316126823425, 0.4342116415500641, 0.6994562745094299, 0.6840652227401733, 0.5130071043968201, 0.5913843512535095, 0.7849435210227966, 0.7215390801429749, 0.7746549844741821, 0.8352153897285461, 0.727812647819519, 0.7817649245262146, 0.8495190143585205, 0.8201589584350586, 0.8775407671928406, 0.7131744027137756, 0.8356336355209351, 0.8723546862602234, 0.8598076105117798, 0.8097866773605347, 0.9319949746131897, 0.9312421679496765, 0.9376829862594604, 0.9207026362419128, 0.9178586602210999, 0.9277290105819702, 0.9157674908638, 0.9302383661270142, 0.9516520500183105, 0.9491426348686218, 0.9524048566818237, 0.9432873129844666, 0.9493935704231262, 0.9416143894195557, 0.9537432193756104, 0.9549978971481323, 0.9539941549301147, 0.9571727514266968, 0.9582601189613342], "val_loss": [2.342939615249634, 2.779414653778076, 1.4970780611038208, 1.6694456338882446, 1.9765325784683228, 0.8536555767059326, 0.8989459872245789, 1.8627514839172363, 1.2775888442993164, 0.6027163863182068, 0.8614665269851685, 0.6621143221855164, 0.44757363200187683, 0.9328606724739075, 0.7052831053733826, 0.44352012872695923, 0.5441845059394836, 0.37369734048843384, 1.0005550384521484, 0.5334339141845703, 0.40176859498023987, 0.4717854857444763, 0.6804885268211365, 0.21828287839889526, 0.23362354934215546, 0.20920805633068085, 0.2867200970649719, 0.30796104669570923, 0.26243922114372253, 0.32518988847732544, 0.25374069809913635, 0.17930658161640167, 0.20050185918807983, 0.1969977766275406, 0.2300652414560318, 0.22142773866653442, 0.26314079761505127, 0.19839619100093842, 0.20352432131767273, 0.20921747386455536, 0.19631941616535187, 0.19505171477794647], "learning_rate": [0.0010000000474974513, 0.0010000000474974513, 0.0010000000474974513, 0.0010000000474974513, 0.0010000000474974513, 0.0010000000474974513, 0.0010000000474974513, 0.0010000000474974513, 0.0010000000474974513, 0.0010000000474974513, 0.0010000000474974513, 0.0010000000474974513, 0.0010000000474974513, 0.0010000000474974513, 0.0010000000474974513, 0.0010000000474974513, 0.0010000000474974513, 0.0010000000474974513, 0.0010000000474974513, 0.0010000000474974513, 0.0010000000474974513, 0.0010000000474974513, 0.0010000000474974513, 0.0005000000237487257, 0.0005000000237487257, 0.0005000000237487257, 0.0005000000237487257, 0.0005000000237487257, 0.0005000000237487257, 0.0005000000237487257, 0.0005000000237487257, 0.0002500000118743628, 0.0002500000118743628, 0.0002500000118743628, 0.0002500000118743628, 0.0002500000118743628, 0.0002500000118743628, 0.0001250000059371814, 0.0001250000059371814, 0.0001250000059371814, 0.0001250000059371814, 0.0001250000059371814]}