{"accuracy": [0.2194950431585312, 0.4800618886947632, 0.617764949798584, 0.6961811780929565, 0.7455517053604126, 0.7815598845481873, 0.8044165968894958, 0.8157395124435425, 0.8431676030158997, 0.8447148203849792, 0.8704550266265869, 0.8750263452529907, 0.8833250999450684, 0.898094117641449, 0.9034390449523926, 0.9026654362678528, 0.9215837717056274, 0.9175047278404236, 0.9239046573638916, 0.9249595403671265, 0.9290385842323303, 0.9405021667480469, 0.9418383836746216, 0.9696181416511536, 0.982488214969635, 0.9799563884735107, 0.9769322872161865, 0.9788311123847961, 0.9784091711044312, 0.9824178814888, 0.989732027053833, 0.993107795715332, 0.9934594631195068, 0.9950770139694214, 0.9959912896156311, 0.9941627383232117, 0.9960616230964661, 0.9979604482650757, 0.9983824491500854, 0.9976088404655457, 0.9981714487075806, 0.9977495074272156, 0.9992263913154602, 0.9993670582771301, 0.9982417821884155, 0.9988747239112854, 0.9987341165542603], "loss": [2.6470565795898438, 1.4783778190612793, 1.0555477142333984, 0.8431771993637085, 0.6950433254241943, 0.5994441509246826, 0.5349100828170776, 0.5049756169319153, 0.4486587643623352, 0.4319295287132263, 0.3646988868713379, 0.3530573546886444, 0.330801397562027, 0.29986169934272766, 0.2882750630378723, 0.28164374828338623, 0.2343602478504181, 0.24265526235103607, 0.22427457571029663, 0.2238994985818863, 0.22051438689231873, 0.17473743855953217, 0.1830594539642334, 0.08919090777635574, 0.05595239996910095, 0.06296216696500778, 0.07328234612941742, 0.06462045013904572, 0.06953572481870651, 0.05509013310074806, 0.034302953630685806, 0.0211386289447546, 0.022926030680537224, 0.016740618273615837, 0.01484551839530468, 0.021003518253564835, 0.01384742558002472, 0.008276517502963543, 0.0059258355759084225, 0.007841709069907665, 0.006703875958919525, 0.006629389710724354, 0.0038504661060869694, 0.0031190873123705387, 0.0055546751245856285, 0.004223560448735952, 0.004124157130718231], "val_accuracy": [0.2392304539680481, 0.37331661581993103, 0.4649937152862549, 0.5810957551002502, 0.6731911301612854, 0.6764533519744873, 0.7308239340782166, 0.6813048720359802, 0.566708505153656, 0.7882894277572632, 0.7693015336990356, 0.8102886080741882, 0.8373901844024658, 0.8453366756439209, 0.8517774939537048, 0.8181514143943787, 0.6889167428016663, 0.8672521710395813, 0.7920535206794739, 0.864073634147644, 0.8564617037773132, 0.8678377270698547, 0.8222501277923584, 0.9360936880111694, 0.9381848573684692, 0.932664155960083, 0.9299038052558899, 0.9309912323951721, 0.9269761443138123, 0.8808029890060425, 0.9516520500183105, 0.9494771957397461, 0.9501463770866394, 0.9499790668487549, 0.9461313486099243, 0.9488916993141174, 0.9584274291992188, 0.9590129852294922, 0.9551652073860168, 0.9570890665054321, 0.9557507038116455, 0.9524884819984436, 0.9577582478523254, 0.9584274291992188, 0.9560853242874146, 0.9601840376853943, 0.9553325176239014], "val_loss": [3.4416496753692627, 2.2862284183502197, 1.7428308725357056, 1.3864498138427734, 0.9050513505935669, 1.1462758779525757, 0.7413321733474731, 0.9419389963150024, 2.1855621337890625, 0.5915930867195129, 0.7340354919433594, 0.5534460544586182, 0.46970459818840027, 0.47582748532295227, 0.4382351040840149, 0.5907365679740906, 1.1193263530731201, 0.3902399241924286, 0.76073157787323, 0.42703452706336975, 0.4611845314502716, 0.4188784062862396, 0.6491261720657349, 0.2055027335882187, 0.2008281648159027, 0.2370278388261795, 0.2302277386188507, 0.235547736287117, 0.28194573521614075, 0.4696124792098999, 0.1843259036540985, 0.19803890585899353, 0.19067679345607758, 0.2099602222442627, 0.22546209394931793, 0.2024887502193451, 0.1693911999464035, 0.17681090533733368, 0.191446915268898, 0.20167173445224762, 0.19997458159923553, 0.21652640402317047, 0.19940392673015594, 0.19386225938796997, 0.20493631064891815, 0.19715873897075653, 0.20783355832099915], "learning_rate": [0.0010000000474974513, 0.0010000000474974513, 0.0010000000474974513, 0.0010000000474974513, 0.0010000000474974513, 0.0010000000474974513, 0.0010000000474974513, 0.0010000000474974513, 0.0010000000474974513, 0.0010000000474974513, 0.0010000000474974513, 0.0010000000474974513, 0.0010000000474974513, 0.0010000000474974513, 0.0010000000474974513, 0.0010000000474974513, 0.0010000000474974513, 0.0010000000474974513, 0.0010000000474974513, 0.0010000000474974513, 0.0010000000474974513, 0.0010000000474974513, 0.0010000000474974513, 0.0005000000237487257, 0.0005000000237487257, 0.0005000000237487257, 0.0005000000237487257, 0.0005000000237487257, 0.0005000000237487257, 0.0005000000237487257, 0.0002500000118743628, 0.0002500000118743628, 0.0002500000118743628, 0.0002500000118743628, 0.0002500000118743628, 0.0002500000118743628, 0.0001250000059371814, 0.0001250000059371814, 0.0001250000059371814, 0.0001250000059371814, 0.0001250000059371814, 0.0001250000059371814, 6.25000029685907e-05, 6.25000029685907e-05, 6.25000029685907e-05, 6.25000029685907e-05, 6.25000029685907e-05]}