{"loss": [3.3009360034436113, 2.1947406109429517, 1.6849956819801377, 1.2273737654227213, 0.9163534745141184, 0.6796890790944646, 0.5567594862317928, 0.45230759249448493, 0.36876090508203513, 0.3100511204451061, 0.29238881882220114, 0.2362262022961409, 0.23447651875967282, 0.21663188520454515, 0.2051253187622029, 0.20447805095669655, 0.18106883594501513, 0.16298004676226918, 0.17323461472354104, 0.13584088099599975, 0.13888134412706943, 0.15788877676857768, 0.05341707820481349, 0.030929974575798144, 0.02754453233435603, 0.032768746971639576, 0.05190846641189112, 0.06524929674819759, 0.026440789580252932, 0.009060600040951855, 0.006377874170683893, 0.004953108882917703, 0.009991752490394407, 0.01494154708601581, 0.01378444584969915, 0.004142838292761409, 0.002397715557019042, 0.002434557567253825, 0.0028413097110902914, 0.0042715301810654005, 0.003806219026502671, 0.0016423922273979088, 0.0006625894891643154, 0.0006596268923567128, 0.0007747905424558973, 0.0026090654889379633, 0.0004900021232732359, 0.00035464305503386746, 0.0003226867891629838, 0.00029459481750453544, 0.00026643376071655393, 0.00025467056798242794, 0.00019672662242977015], "accuracy": [0.08481609114565018, 0.25930093536816934, 0.39194036148814965, 0.5549616710035867, 0.6711442436176946, 0.7653140164568535, 0.8090583022716085, 0.8499894507349322, 0.8821295449750334, 0.899500668120121, 0.9057598987270553, 0.9247485758492159, 0.9274913847668612, 0.934594556579225, 0.9372670370630846, 0.9355791546522259, 0.9421196989943034, 0.9508404247837401, 0.9466207187565933, 0.9599127927421056, 0.959139179970462, 0.9520360081580983, 0.984035445530628, 0.9916309163794922, 0.9914902595119207, 0.9905759898727056, 0.9867782544482734, 0.9836134749279134, 0.9933187987903509, 0.9975385048174977, 0.9988044166256418, 0.9986637597580702, 0.9974681763837119, 0.9962725930093537, 0.9960616077079963, 0.9990154019269991, 0.9995077009634995, 0.999367044095928, 0.9992967156621422, 0.9988747450594275, 0.9991560587945706, 0.9997890146986427, 0.9999296715662143, 0.9998593431324284, 0.9996483578310711, 0.9992263872283564, 0.9999296715662143, 1.0, 0.9999296715662143, 1.0, 0.9999296715662143, 0.9999296715662143, 1.0], "val_loss": [2.655230562201308, 1.9197830202089898, 1.5671950467906204, 1.1683151536683865, 0.8778905986692556, 0.8975896004751007, 0.7579927531384564, 0.6447489184834179, 0.5748692451661125, 0.5702735988294689, 0.5462686677836115, 0.6379222736868809, 0.6533109707825606, 0.5938341246021188, 0.5265456177577819, 0.4949421673852659, 0.5341323062830493, 0.7188607528989582, 0.593490503798346, 0.6946360599844775, 0.6054772261190506, 0.5517578741628248, 0.5178574550538532, 0.5282135644746109, 0.5659387613862671, 0.6275835493365665, 0.5581384819045364, 0.5804847042673411, 0.503467184117018, 0.5581387670423077, 0.5667124808605835, 0.5793302580734505, 0.5874378048947657, 0.6043150874656591, 0.5859469756904291, 0.5713436255093363, 0.5953839362119692, 0.5979835857402926, 0.6138839038090372, 0.6327383473276043, 0.6171526464986203, 0.6289415430057153, 0.6300554612980391, 0.6533442284254133, 0.6707595600672649, 0.6769132454582653, 0.6813098816168632, 0.6825552797428173, 0.6912426112757143, 0.6999156444410689, 0.6972879126103968, 0.7137740138780868, 0.7170405318658257], "val_accuracy": [0.17047260560434965, 0.31576746131325806, 0.4357172731074864, 0.5933082392304475, 0.6822250104558762, 0.6943538268506901, 0.7514010874111251, 0.7822668339606859, 0.8184023421162694, 0.8220828105395233, 0.8326223337515684, 0.8203262233375157, 0.8282726892513592, 0.8312003345880384, 0.8420744458385613, 0.8596403178586366, 0.8465913843580092, 0.8231702216645755, 0.8402342116269343, 0.8184023421162694, 0.8414889167712254, 0.8506900878293601, 0.8818904224173986, 0.8868255959849436, 0.878460895023003, 0.8771225428690924, 0.8726892513592639, 0.859723964868256, 0.8912588874947721, 0.8918444165621079, 0.8958594730238394, 0.8973651191969887, 0.8971141781681304, 0.8915098285236303, 0.89577582601422, 0.9001254705144291, 0.8992053534086156, 0.9016311166875784, 0.9018820577164366, 0.9018820577164366, 0.9027185278126307, 0.9012128816394814, 0.9034713508992054, 0.9017147636971978, 0.9018820577164366, 0.9008782936010038, 0.9006273525721455, 0.9014638226683396, 0.9016311166875784, 0.9017147636971978, 0.9030531158511084, 0.9028858218318695, 0.9027185278126307]}