{"accuracy": [0.22983331978321075, 0.4967297315597534, 0.634854793548584, 0.7118644118309021, 0.7518109679222107, 0.7885224223136902, 0.8077220916748047, 0.8339545726776123, 0.8462620377540588, 0.8565300107002258, 0.8647584319114685, 0.8767142295837402, 0.8921161890029907, 0.8954216241836548, 0.8988677263259888, 0.9045643210411072, 0.9517546892166138, 0.9639918208122253, 0.9637808799743652, 0.9642028212547302, 0.9642731547355652, 0.9668049812316895, 0.9623039364814758, 0.9846683740615845, 0.989661693572998, 0.9919825792312622, 0.9895210862159729, 0.9882551431655884, 0.9892397522926331, 0.9908573031425476, 0.9946550130844116, 0.996553897857666, 0.9980307817459106, 0.996483564376831, 0.9969758987426758], "loss": [2.5824811458587646, 1.4112375974655151, 0.9957994818687439, 0.799267053604126, 0.6791046261787415, 0.5861332416534424, 0.5291267037391663, 0.4699394404888153, 0.43276360630989075, 0.41287294030189514, 0.3809458017349243, 0.3537319004535675, 0.3126825988292694, 0.2984040677547455, 0.29897722601890564, 0.2818502187728882, 0.14239099621772766, 0.10638827085494995, 0.10568425804376602, 0.10353437811136246, 0.1078454777598381, 0.10292284190654755, 0.10904175788164139, 0.05002690479159355, 0.033208414912223816, 0.02827421948313713, 0.03486483544111252, 0.03729329630732536, 0.035270970314741135, 0.029284410178661346, 0.017909176647663116, 0.012065382674336433, 0.007964825257658958, 0.012427100911736488, 0.010572944767773151], "val_accuracy": [0.3272271156311035, 0.42894187569618225, 0.5301547646522522, 0.6010873913764954, 0.6495190262794495, 0.7288163900375366, 0.6392304301261902, 0.7729820013046265, 0.775993287563324, 0.7273944020271301, 0.8557925820350647, 0.8065244555473328, 0.7961522340774536, 0.864073634147644, 0.8443329334259033, 0.8204935193061829, 0.9207862615585327, 0.9265578985214233, 0.8926808834075928, 0.9127561450004578, 0.925052285194397, 0.9126725196838379, 0.9023839235305786, 0.9407778978347778, 0.9476369619369507, 0.9457967281341553, 0.9444583654403687, 0.945127546787262, 0.9401087164878845, 0.9407778978347778, 0.9503973126411438, 0.9549142718315125, 0.9508991837501526, 0.9506482481956482, 0.9515683650970459], "val_loss": [2.0407116413116455, 2.028597593307495, 1.4939897060394287, 1.2625956535339355, 1.134981632232666, 0.7667670845985413, 1.0854109525680542, 0.6619197130203247, 0.6758704781532288, 0.822311520576477, 0.4041157364845276, 0.6102264523506165, 0.6218427419662476, 0.4093133211135864, 0.48521313071250916, 0.585476815700531, 0.22834596037864685, 0.2199556678533554, 0.35426175594329834, 0.2710147500038147, 0.2610691785812378, 0.30058375000953674, 0.35201945900917053, 0.19550251960754395, 0.18431128561496735, 0.19968752562999725, 0.20669645071029663, 0.21065185964107513, 0.23955799639225006, 0.24570883810520172, 0.1956992894411087, 0.1847178190946579, 0.20383085310459137, 0.20711463689804077, 0.21122658252716064], "learning_rate": [0.0010000000474974513, 0.0010000000474974513, 0.0010000000474974513, 0.0010000000474974513, 0.0010000000474974513, 0.0010000000474974513, 0.0010000000474974513, 0.0010000000474974513, 0.0010000000474974513, 0.0010000000474974513, 0.0010000000474974513, 0.0010000000474974513, 0.0010000000474974513, 0.0010000000474974513, 0.0010000000474974513, 0.0010000000474974513, 0.0005000000237487257, 0.0005000000237487257, 0.0005000000237487257, 0.0005000000237487257, 0.0005000000237487257, 0.0005000000237487257, 0.0005000000237487257, 0.0002500000118743628, 0.0002500000118743628, 0.0002500000118743628, 0.0002500000118743628, 0.0002500000118743628, 0.0002500000118743628, 0.0002500000118743628, 0.0001250000059371814, 0.0001250000059371814, 0.0001250000059371814, 0.0001250000059371814, 0.0001250000059371814]}