{"accuracy": [0.3844152092933655, 0.6866164803504944, 0.7889443635940552, 0.8244602084159851, 0.8650397062301636, 0.8718615770339966, 0.8893733620643616, 0.9134256839752197, 0.9096279740333557, 0.9184190034866333, 0.9242562651634216, 0.9420493841171265, 0.936774730682373, 0.9438076019287109, 0.9546381831169128, 0.9503481388092041, 0.9590688347816467, 0.9587875604629517, 0.9550601243972778, 0.950840413570404, 0.9600534439086914, 0.9535832405090332, 0.9661017060279846, 0.9609677195549011, 0.9690554738044739, 0.9652577638626099, 0.9696181416511536, 0.9704620838165283, 0.9746114611625671, 0.9881144762039185, 0.9915605783462524, 0.9941627383232117, 0.9949363470077515, 0.996624231338501, 0.9926155209541321, 0.9905759692192078, 0.9902946949005127, 0.992826521396637, 0.9972571730613708, 0.9984527826309204, 1.0, 0.9990857243537903, 0.9970462322235107, 0.9972571730613708, 0.9973275065422058, 0.9990153908729553, 0.9990857243537903, 0.9997186660766602, 0.9998593330383301, 0.9997186660766602, 1.0, 1.0, 1.0, 1.0, 1.0, 1.0, 0.9997889995574951, 1.0, 1.0], "loss": [1.9041839838027954, 0.8880597352981567, 0.6003876328468323, 0.5043576955795288, 0.39063939452171326, 0.3733951151371002, 0.33254390954971313, 0.2633455991744995, 0.2795918583869934, 0.2566901743412018, 0.24427199363708496, 0.18497979640960693, 0.2094765156507492, 0.1718999147415161, 0.15197224915027618, 0.16283975541591644, 0.13682374358177185, 0.14696089923381805, 0.1515643447637558, 0.16705217957496643, 0.13628891110420227, 0.15691328048706055, 0.11699683219194412, 0.1348990499973297, 0.10560613870620728, 0.12230820953845978, 0.10327668488025665, 0.10387224704027176, 0.09127124398946762, 0.04231168329715729, 0.029363369569182396, 0.02172580361366272, 0.017427995800971985, 0.013211505487561226, 0.033211223781108856, 0.036743100732564926, 0.034576546400785446, 0.02718089148402214, 0.009969213977456093, 0.004987252410501242, 0.0005376363405957818, 0.004032807424664497, 0.012480426579713821, 0.01188307162374258, 0.00869805458933115, 0.0035409056581556797, 0.0034841415472328663, 0.001290564308874309, 0.00039953654049895704, 0.0008390599396079779, 0.00011702052142936736, 6.923548062331975e-05, 4.874328078585677e-05, 4.284660826670006e-05, 4.9682737881084904e-05, 4.759159855893813e-05, 0.0005288707325235009, 0.0001280825526919216, 3.4028489608317614e-05], "val_accuracy": [0.08791300654411316, 0.09418652951717377, 0.056545376777648926, 0.03295692056417465, 0.12664157152175903, 0.17473860085010529, 0.15734001994132996, 0.11309075355529785, 0.10815558582544327, 0.21254704892635345, 0.4207444489002228, 0.2880803048610687, 0.330238401889801, 0.2666666805744171, 0.5547469854354858, 0.5517356991767883, 0.6698452234268188, 0.5239648818969727, 0.48322877287864685, 0.6644918322563171, 0.5946465730667114, 0.6352154016494751, 0.5705562233924866, 0.7618569731712341, 0.6753659844398499, 0.6583019495010376, 0.660895049571991, 0.7432036995887756, 0.7212881445884705, 0.8914262056350708, 0.8875784277915955, 0.914178192615509, 0.9181095957756042, 0.9043914675712585, 0.8780426383018494, 0.851275622844696, 0.8480134010314941, 0.8643245697021484, 0.922208309173584, 0.9251359105110168, 0.9350899457931519, 0.9335842728614807, 0.902634859085083, 0.9104140400886536, 0.9130070805549622, 0.9337515830993652, 0.9388540387153625, 0.9390213489532471, 0.946716845035553, 0.936260998249054, 0.9456294178962708, 0.945127546787262, 0.9479715824127197, 0.9490589499473572, 0.9508155584335327, 0.9536595344543457, 0.9503136873245239, 0.9534085988998413, 0.953074038028717], "val_loss": [103.28154754638672, 15.064884185791016, 9.296128273010254, 54.85639953613281, 10.927255630493164, 5.069700717926025, 6.575648307800293, 12.050638198852539, 8.893957138061523, 5.084742546081543, 2.4566116333007812, 7.445065498352051, 3.6202919483184814, 6.739133834838867, 2.1145412921905518, 2.8251094818115234, 1.8926293849945068, 2.524813652038574, 2.685788154602051, 1.3799923658370972, 1.9416491985321045, 1.8897708654403687, 2.309041976928711, 1.0264689922332764, 1.5357811450958252, 1.570448398590088, 1.801397681236267, 1.0395188331604004, 1.4417086839675903, 0.4960200786590576, 0.5069443583488464, 0.4209907352924347, 0.3836633563041687, 0.454158216714859, 0.5396103858947754, 0.6551220417022705, 0.760810375213623, 0.6840550899505615, 0.36538201570510864, 0.35810139775276184, 0.32579153776168823, 0.34501996636390686, 0.47707033157348633, 0.5152814388275146, 0.4788629114627838, 0.35970959067344666, 0.31746581196784973, 0.3312011957168579, 0.28635531663894653, 0.38321906328201294, 0.32043468952178955, 0.3264443576335907, 0.314997136592865, 0.3142804801464081, 0.31296688318252563, 0.3105814456939697, 0.32766446471214294, 0.321372926235199, 0.32809674739837646], "learning_rate": [0.0010000000474974513, 0.0010000000474974513, 0.0010000000474974513, 0.0010000000474974513, 0.0010000000474974513, 0.0010000000474974513, 0.0010000000474974513, 0.0010000000474974513, 0.0010000000474974513, 0.0010000000474974513, 0.0010000000474974513, 0.0010000000474974513, 0.0010000000474974513, 0.0010000000474974513, 0.0010000000474974513, 0.0010000000474974513, 0.0010000000474974513, 0.0010000000474974513, 0.0010000000474974513, 0.0010000000474974513, 0.0010000000474974513, 0.0010000000474974513, 0.0010000000474974513, 0.0010000000474974513, 0.0010000000474974513, 0.0010000000474974513, 0.0010000000474974513, 0.0010000000474974513, 0.0010000000474974513, 0.0005000000237487257, 0.0005000000237487257, 0.0005000000237487257, 0.0005000000237487257, 0.0005000000237487257, 0.0005000000237487257, 0.0005000000237487257, 0.0005000000237487257, 0.0005000000237487257, 0.0002500000118743628, 0.0002500000118743628, 0.0002500000118743628, 0.0002500000118743628, 0.0002500000118743628, 0.0002500000118743628, 0.0002500000118743628, 0.0002500000118743628, 0.0001250000059371814, 0.0001250000059371814, 0.0001250000059371814, 0.0001250000059371814, 0.0001250000059371814, 0.0001250000059371814, 0.0001250000059371814, 0.0001250000059371814, 6.25000029685907e-05, 6.25000029685907e-05, 6.25000029685907e-05, 6.25000029685907e-05, 6.25000029685907e-05]}